Cre Account,Cre Name,PO No,Invoice No,Invoice total,Sub Total,Invoice Date,Uploaded Date
ADVANCEDL,Advanced Lighting Technologies,1539808,35009,181.26,161.12,30/05/2008,30:15.6
AFLEX,Aflex Cable Sales NZ,1522648,133584,1023.57,909.84,8/5/2008,30:15.6
AFLEX,Aflex Cable Sales NZ,1535158,134259,2560.62,2276.11,23/05/2008,30:15.6
ALCO,Alco Products,1518290,825640,1826.6,1623.64,2/5/2008,30:15.6
ALLSALES,Allsales Agencies Ltd,0,36811,-8.94,-7.95,22/05/2008,30:15.6
AMPY,Ampy Email (NZ) Ltd,1538029,IN115793,16.21,14.41,26/05/2008,30:15.6
ARROWH,Arrowhead Alarm Products Ltd,1522918,112324,93.94,83.5,8/5/2008,30:15.6
ASSOCIAT,Associated Insulation,1532560,195486,12528,11136,23/05/2008,30:15.6
ATCO,Tridonic Atco NZ Ltd,1531350,453277,324.45,288.4,19/05/2008,30:15.6
AUDIOP,Audio Products Group,1534124,551064:1,243,216,21/05/2008,30:15.6
BALCOM,Balcom Products Ltd,1535992,11852,113.2,100.62,22/05/2008,30:15.6
BOWERSW,B&W Bowers & Wilkens,1490384AC,39908,-1131.75,-1006,15/05/2008,30:15.6
BURKERT,Burket Contromatic NZ Ltd,1532188,821229,207.29,184.26,19/05/2008,30:15.6
CARREL,Carrel & Carrel Ltd,1539514,299360-00,178.76,158.9,30/05/2008,30:15.6
CHEMZ,Chemz Ltd,1535970,23055,128.25,114,23/05/2008,30:15.6
CLIPSAL,Clipsal Industries (NZ) Ltd,1518246,448037,34.16,30.36,2/5/2008,30:15.6
CLIPSAL,Clipsal Industries (NZ) Ltd,1338007AA,448728,-108.11,-96.1,7/5/2008,30:15.6
CLIPSAL,Clipsal Industries (NZ) Ltd,1524382,449560,43.12,38.33,12/5/2008,30:15.6
CLIPSAL,Clipsal Industries (NZ) Ltd,1526299,449984,868.26,771.79,13/05/2008,30:15.6
CLIPSAL,Clipsal Industries (NZ) Ltd,1514867AB,450925,64.5,57.33,19/05/2008,30:15.6
CLIPSAL,Clipsal Industries (NZ) Ltd,1464839AC,451636,-15.51,-13.79,22/05/2008,30:15.6
CLIPSAL,Clipsal Industries (NZ) Ltd,1524179AE,452239,18.9,16.8,26/05/2008,30:15.6
CLIPSAL,Clipsal Industries (NZ) Ltd,1436152AA,453226,-367.66,-326.81,30/05/2008,30:15.6
COMPDYNA,Computer Dynamics Limited,1522131,SIN538177,123.75,110,7/5/2008,30:15.6
COMPDYNA,Computer Dynamics Limited,1532554,SIN541199,38.35,34.09,19/05/2008,30:15.6
CONTACTINV,Contact Energy Invercargill,0,JUNE08INV,1097.66,975.7,6/6/2008,30:15.6
CSL,Cuthbert Stewart Ltd,1517188,467240,23.02,20.46,23/05/2008,30:15.6
CSL,Cuthbert Stewart Ltd,1524398,468753,93.93,83.49,9/5/2008,30:15.6
CSL,Cuthbert Stewart Ltd,1530602,470118,83.54,74.26,16/05/2008,30:15.6
CSL,Cuthbert Stewart Ltd,1535168,471363,146.54,130.26,22/05/2008,30:15.6
CSL,Cuthbert Stewart Ltd,1541463,472931,10.61,9.43,30/05/2008,30:15.6
DIFFUSER,Diffusers & Lighting Ltd,1493634AA,SC2070,-40.68,-36.16,14/05/2008,30:15.6
ECCO,Ecco NZ Ltd,1519780,873365,457.04,406.26,5/5/2008,30:15.6
ECCO,Ecco NZ Ltd,1537632,875163,103.78,92.25,26/05/2008,30:15.6
ELECTIMP,Electrical Importing Co Ltd,1522690,57609-D01,64.87,57.66,8/5/2008,30:15.6
ELECTRAD,Electrade New Zealand Ltd,1523459,767709,4950,4400,9/5/2008,30:15.6
ELECTREX,Electrex Manufacturing Ltd,1519339,113606,367.67,326.82,5/5/2008,30:15.6
ELECTREX,Electrex Manufacturing Ltd,0,CR113302,-135.54,-120.48,2/5/2008,30:15.6
ELECTROP,Electropar Ltd,1536891,9582,367.76,326.9,23/05/2008,30:15.6
ELECTSUP,Electrical Supply Corp,0,HC213117,-26.9,-23.91,29/05/2008,30:15.6
ELECTSUP,Electrical Supply Corp,1503754AB,HI722120,16.81,14.94,14/05/2008,30:15.6
ELECTSUP,Electrical Supply Corp,1522735,HI722854,39.35,34.98,8/5/2008,30:15.6
ELECTSUP,Electrical Supply Corp,1524203,HI723144,555.4,493.69,9/5/2008,30:15.6
ELECTSUP,Electrical Supply Corp,1528511,HI723939,214.99,191.1,14/05/2008,30:15.6
ELECTSUP,Electrical Supply Corp,1532909,HI724734,46.42,41.26,20/05/2008,30:15.6
ELECTSUP,Electrical Supply Corp,1536181,HI725451,48.52,43.13,23/05/2008,30:15.6
ELECTSUP,Electrical Supply Corp,1539725,HI726126,27.84,24.75,28/05/2008,30:15.6
ELECTUS,Electus Distribution,1521818,EN027941,40.8,36.27,7/5/2008,30:15.6
ELLIS,Ellis & Co Ltd,1508092,290387-1,604.8,537.6,2/5/2008,30:15.6
ENCLOSURE,Enclosure Technology Limited,1519191,18833,368.74,327.77,6/5/2008,30:15.6
ENERSAV,Enersave Products Ltd,1530774,30665,312.02,277.35,16/05/2008,30:15.6
EUROTEC,Eurotec Instruments Ltd,1520111,587306,172.13,153,7/5/2008,30:15.6
EUROTEC,Eurotec Instruments Ltd,1515688AA,CN206495,-23.63,-21,7/5/2008,30:15.6
EVEREADY,Eveready Energizer NZ Ltd,1505657,162200,10.8,9.6,30/05/2008,30:15.6
FANTECH,Fantech NZ Ltd,1493314AA,M07275,-689.18,-612.6,14/05/2008,30:15.6
FOX,Fox &Gunn Ltd,1217375,610304,989.09,879.17,28/02/2007,30:15.6
FOX,Fox &Gunn Ltd,1528628,693405,7.97,7.08,26/05/2008,30:15.6
GARTNER,Gartner Superlux Ltd,1507014AB,CRD31093,-200.88,-178.56,14/05/2008,30:15.6
GARTNER,Gartner Superlux Ltd,1520123,IN330396,59.17,52.6,7/5/2008,30:15.6
GARTNER,Gartner Superlux Ltd,1456702AB,IN331209,15.3,13.6,14/05/2008,30:15.6
GARTNER,Gartner Superlux Ltd,1537674,IN332318,1914.18,1701.49,26/05/2008,30:15.6
GENCABLE,General Cable NZ Ltd,1439632,IN5/733167,6446.25,5730,13/02/2008,30:15.6
GENCABLE,General Cable NZ Ltd,1506285AC,IN5/747075,3228.75,2870,2/5/2008,30:15.6
GENCABLE,General Cable NZ Ltd,1516550AB,IN5/747814,3695.63,3285,7/5/2008,30:15.6
GENCABLE,General Cable NZ Ltd,1524310,IN5/748575,2717.85,2415.87,12/5/2008,30:15.6
GENCABLE,General Cable NZ Ltd,1520207AA,IN5/749171,293.04,260.48,14/05/2008,30:15.6
GENCABLE,General Cable NZ Ltd,1529491,IN5/749812,6862.5,6100,16/05/2008,30:15.6
GENCABLE,General Cable NZ Ltd,1532234,IN5/750268,194.43,172.83,20/05/2008,30:15.6
GENCABLE,General Cable NZ Ltd,1535354,IN5/750855,4208.63,3741,22/05/2008,30:15.6
GENCABLE,General Cable NZ Ltd,1514736AE,IN5/751494,1676.25,1490,26/05/2008,30:15.6
GENCABLE,General Cable NZ Ltd,1516542AA,IN5/752306,7166.25,6370,29/05/2008,30:15.6
GENERAL,General Electric International,1532958,NI133547,251.1,223.2,20/05/2008,30:15.6
GLOBELIN,Globelink Ltd,1539036,SI23673,109.89,97.68,27/05/2008,30:15.6
HALCYON,Halcyon Lighting Ltd,1521324AA,18200,-138.6,-123.2,13/05/2008,30:15.6
HALCYON,Halcyon Lighting Ltd,1522085,183424,42.75,38,7/5/2008,30:15.6
HAMER,Hamer Ltd,1510295AA,359769,146.11,129.88,6/5/2008,30:15.6
HAMER,Hamer Ltd,1532898,360670,90,80,20/05/2008,30:15.6
HAMER,Hamer Ltd,1523930AA,361563,33.46,29.74,29/05/2008,30:15.6
HENRYGEO,George Henry & Company Ltd,1527748AA,639284/A,70.88,63,15/05/2008,30:15.6
HILLSIG,Hills Signal Master,1529054,98247658,37.04,32.92,14/05/2008,30:15.6
HOBECA,Hobeca Trading Co Ltd,1516278AA,354377-00,23.94,21.28,6/5/2008,30:15.6
HOMELIGHT,Home Lighting Div Of Nimbus,1531105,2006242,177.86,158.1,16/05/2008,30:15.6
HPM,HPM NZ Ltd,1492873AA,1205668,327.49,291.1,7/5/2008,30:15.6
HPM,HPM NZ Ltd,1517784,1207598,29.14,25.9,15/05/2008,30:15.6
HPM,HPM NZ Ltd,1509054AC,1209256,147.38,131,23/05/2008,30:15.6
HPM,HPM NZ Ltd,1542590,1210727,5.92,5.26,30/05/2008,30:15.6
IFM,IFM Efector Pty Ltd,1528336,50012122,81.9,72.8,14/05/2008,30:15.6
IMPEL,Impel New Zealand Limited,1515869AA,90984253,-98.49,-87.55,23/05/2008,30:15.6
INTERSER,Interserv Sales Ltd,1528687,33495,369.16,328.14,14/05/2008,30:15.6
KENDER,Kenderdine Electrical Ltd,1534673,SIN409372,16.05,14.27,21/05/2008,30:15.6
LAMPSEX,Lamps Exclusively Ltd,1507719,104307,34.31,30.5,17/04/2008,30:15.6
LAMPSEX,Lamps Exclusively Ltd,1542192,105625,52.65,46.8,30/05/2008,30:15.6
LEEMA,Leema Management Ltd,1526056,59687,18,16,10/5/2008,30:15.6
LIGHT,Light Industry NZ 2005 Ltd,1515048,31169/01,109.35,97.2,20/05/2008,30:15.6
LIGHTIN,Lighting International Ltd,1520600,83770,201.38,179,6/5/2008,30:15.6
LIMIT,The Limit limited,1528656,N61217,331.88,295,14/05/2008,30:15.6
MAINFREI,Mainfreight Transport Ltd,0,RADEL822,171.7,152.62,30/05/2008,30:15.6
MAREX,Marexim Export Import Ltd,1528723,NZ52979/01,47.78,42.47,14/05/2008,30:15.6
MARLEY,Marley New Zealand Ltd,1517932,1836262,18929.43,16826.16,1/5/2008,30:15.6
MARLEY,Marley New Zealand Ltd,1530904,1841503,5.06,4.5,16/05/2008,30:15.6
MASER,Maser Communications (NZ) Ltd,1521056,120873,185.63,165,7/5/2008,30:15.6
MCCALLUMJ,J A McCallum & Sons Ltd,0,216133,16.15,14.36,2/5/2008,30:15.6
MERIT,Merit Li-Lin New Zealand Ltd,1529875,16253,3039.59,2701.86,16/05/2008,30:15.6
MODEMPA,Modempak,1524963,42688,245.32,218.06,9/5/2008,30:15.6
MULTI,Multistrut Ind Ltd,1523367,29914,53.87,47.88,8/5/2008,30:15.6
NHPELECT,N H P Electrical Engineering,1528718,AK714628,79.47,70.64,14/05/2008,30:15.6
NITRO,Nitro Ltd,1537610,243883,228.96,203.52,27/05/2008,30:15.6
NZINSUL,New Zealand Insulators Ltd,1525818,418686,310.77,276.24,12/5/2008,30:15.6
NZPOSTC,Express Couriers,0,5361908,16.91,15.03,21/05/2008,30:15.6
NZSOLENO,NZ Solenoid Co Ltd,1530104,181499,221.74,197.1,16/05/2008,30:15.6
OBERTECH,Obertech Group Limited,1540561,16680,262.35,233.2,28/05/2008,30:15.6
OLEX,Olex Cables New Zealand,1521143,275362,2531.25,2250,6/5/2008,30:15.6
OLEX,Olex Cables New Zealand,1532692,276763,105.22,93.53,20/05/2008,30:15.6
OLEX,Olex Cables New Zealand,1541519,277882,323.78,287.8,29/05/2008,30:15.6
OMRON,Omron Electronics Ltd,1521615,175521,163.22,145.08,6/5/2008,30:15.6
OMRON,Omron Electronics Ltd,1531139,176534,67.43,59.94,16/05/2008,30:15.6
OMRON,Omron Electronics Ltd,1540291,177586,292.26,259.79,28/05/2008,30:15.6
PATNICHO,Patience & Nicholson (nz) Ltd,1517679,1682146,63.01,56.01,2/5/2008,30:15.6
PHILIPS,Philips New Zealand Ltd,1486361AA,6351056322,9965.25,8858,2/4/2008,30:15.6
PHILIPS,Philips New Zealand Ltd,1500430AH,6351060557,112.5,100,6/5/2008,30:15.6
PHILIPS,Philips New Zealand Ltd,1523852,6351061264,136.69,121.5,9/5/2008,30:15.6
PHILIPS,Philips New Zealand Ltd,1529479,6351062045,117.25,104.22,15/05/2008,30:15.6
PHILIPS,Philips New Zealand Ltd,1533600,6351062849,581.94,517.28,21/05/2008,30:15.6
PHILIPS,Philips New Zealand Ltd,1493724AA,6351063479,624.38,555,26/05/2008,30:15.6
PHILIPS,Philips New Zealand Ltd,1540796,6351064277,339.08,301.4,29/05/2008,30:15.6
PHILIPS,Philips New Zealand Ltd,1491753AA,9351005242,-116.48,-103.54,16/05/2008,30:15.6
PIERLITE,Pierlite (NZ) Limited,1532116,46566,123.75,110,20/05/2008,30:15.6
POWERSAVE,Powersave Light Company Ltd,1523324,1785,635.01,564.45,8/5/2008,30:15.6
PROLUX,Prolux Ltd,1519160AA,10529,-61.65,-54.8,8/5/2008,30:15.6
PROLUX,Prolux Ltd,1530012,112259,313.54,278.7,15/05/2008,30:15.6
PROLUX,Prolux Ltd,1535358,112693,548.55,487.6,22/05/2008,30:15.6
PRYSMIAN,Pyrsmian Power Cables,1516809AA,5097003087,2610,2320,8/5/2008,30:15.6
PRYSMIAN,Pyrsmian Power Cables,1542219,5097003835,4288.34,3811.86,30/05/2008,30:15.6
RADIOLA,Radiola,1532826,492513,786.38,699,21/05/2008,30:15.6
REFRIG,Refrigeration Engineering Co,1531131,SIN795204,394.67,350.82,16/05/2008,30:15.6
ROCKWELL,Rockwell Automation (NZ) Ltd,1515080,I455733,394.03,350.25,1/5/2008,30:15.6
ROCKWELL,Rockwell Automation (NZ) Ltd,1527954,I457110,149.07,132.51,14/05/2008,30:15.6
ROCKWELL,Rockwell Automation (NZ) Ltd,1536628AA,I458546,37.76,33.56,29/05/2008,30:15.6
RSCOMP,R S Components Ltd,1531025,3145844,9.52,8.46,16/05/2008,30:15.6
SATELLITE,Satmax NZ Ltd,1539594,6895,1562.03,1388.47,29/05/2008,30:15.6
SCHNEIDE,Schneider Electric,1513219AB,862450,254.93,226.6,1/5/2008,30:15.6
SCHNEIDE,Schneider Electric,1517597,863654,20.14,17.9,1/5/2008,30:15.6
SCHNEIDE,Schneider Electric,1518427,864703,9059.4,8052.8,2/5/2008,30:15.6
SCHNEIDE,Schneider Electric,1520051,865767,159.37,141.66,5/5/2008,30:15.6
SCHNEIDE,Schneider Electric,1521537,866805,367.88,327,6/5/2008,30:15.6
SCHNEIDE,Schneider Electric,1522698,867601,137.77,122.46,7/5/2008,30:15.6
SCHNEIDE,Schneider Electric,1510785AA,868519,3154.95,2804.4,8/5/2008,30:15.6
SCHNEIDE,Schneider Electric,1524450,869534,1154.02,1025.8,9/5/2008,30:15.6
SCHNEIDE,Schneider Electric,1525578,869905,1222.88,1087,12/5/2008,30:15.6
SCHNEIDE,Schneider Electric,1526414AA,870833,113.63,101,13/05/2008,30:15.6
SCHNEIDE,Schneider Electric,1528798,871987,1682.04,1495.15,14/05/2008,30:15.6
SCHNEIDE,Schneider Electric,1529676,872872,159.17,141.48,15/05/2008,30:15.6
SCHNEIDE,Schneider Electric,1530608,873764,16.54,14.7,16/05/2008,30:15.6
SCHNEIDE,Schneider Electric,1531654AA,874759,9.11,8.1,19/05/2008,30:15.6
SCHNEIDE,Schneider Electric,1519073AE,875693,100.74,89.55,20/05/2008,30:15.6
SCHNEIDE,Schneider Electric,1534319,876758,56.48,50.2,22/05/2008,30:15.6
SCHNEIDE,Schneider Electric,1528491AA,877636,63.56,56.5,22/05/2008,30:15.6
SCHNEIDE,Schneider Electric,1536862,878551,35.3,31.38,23/05/2008,30:15.6
SCHNEIDE,Schneider Electric,1538297,879614,1263.13,1122.78,27/05/2008,30:15.6
SCHNEIDE,Schneider Electric,0,880766,748.41,665.26,28/05/2008,30:15.6
SCHNEIDE,Schneider Electric,1539010,881735,866.7,770.4,30/05/2008,30:15.6
SCHNEIDE,Schneider Electric,1373318AA,7299533,-68.06,-60.5,14/05/2008,30:15.6
SCHNEIDE,Schneider Electric,1514596AA,8614871,-45.23,-40.2,1/5/2008,30:15.6
SECURIMA,Securimax Limited,1521792,A306189,281.25,250,7/5/2008,30:15.6
SECURIMA,Securimax Limited,1529854,A307061,62.48,55.54,15/05/2008,30:15.6
SECURIMA,Securimax Limited,1538100,A307887,43.52,38.68,26/05/2008,30:15.6
SECURIMA,Securimax Limited,1529208,C166329,297.68,264.6,16/05/2008,30:15.6
SECURIMA,Securimax Limited,1538450AA,A307926/1,437.85,389.2,30/05/2008,30:15.6
SIEMENS,Siemens (NZ) Ltd,1532506,5510081890,40.5,36,21/05/2008,30:15.6
SIGSECCH,Signature Security Group,0,A1675573,36.06,32.05,4/6/2008,30:15.6
SKOPE,Skope Industries Limited,1293738,804807,1320.96,1174.19,30/05/2007,30:15.6
SMITH,Smiths Elements And Controls,1527007,45918,212.49,188.88,13/05/2008,30:15.6
SMITH,Smiths Elements And Controls,1523090AB,46514,-562.41,-499.92,23/05/2008,30:15.6
SPECTRON,Spectron New Zealand Limited,1520159,INV247626,66.08,58.74,5/5/2008,30:15.6
SREKA,Sreka Industries,1537811,57079,104.06,92.5,26/05/2008,30:15.6
STEWARTA,Andrew Stewart & Sons Ltd,1518745,2255602,288.7,256.62,6/5/2008,30:15.6
STEWARTA,Andrew Stewart & Sons Ltd,1540470,2277322,39.15,34.8,29/05/2008,30:15.6
STOKES,Stokes (New Zealand) Limited,1525478,87654,544.46,483.96,12/5/2008,30:15.6
SYLVANIA,SYLVANIA LIGHTING INTERNAT LTD,1500103,215041,1263.6,1123.2,9/4/2008,30:15.6
SYSTEMAC,Systemac,1539870,45516,162.9,144.8,28/05/2008,30:15.6
TEUBELB,Teubels Limited,0,41982,306.28,272.25,7/5/2008,30:15.6
THORN,Thorn Lighting (NZ) Ltd,1504770,39160,819.77,728.68,15/04/2008,30:15.6
THORN,Thorn Lighting (NZ) Ltd,1521174,40783,433.35,385.2,6/5/2008,30:15.6
THORN,Thorn Lighting (NZ) Ltd,1520486AA,41400,-223.59,-198.75,13/05/2008,30:15.6
THORN,Thorn Lighting (NZ) Ltd,1535402,42071,183.94,163.5,23/05/2008,30:15.6
THORN,Thorn Lighting (NZ) Ltd,1531176AB,42627,252,224,30/05/2008,30:15.6
TRADETEC,Trade Tech New Zealand Limited,1532366,813695,91.13,81,19/05/2008,30:15.6
TRANSNET,Trans Net NZ Ltd,1521127,163757,164.25,146,6/5/2008,30:15.6
TRANSNET,Trans Net NZ Ltd,1541704,165994,81.56,72.5,29/05/2008,30:15.6
UNI/ACS,Unistrut ACS,1455085AB,48001690,3.69,3.28,17/04/2008,30:15.6
UNI/ACS,Unistrut ACS,1531643,48004423,6.75,6,19/05/2008,30:15.6
UNIPRO,Unipro Industrial Electrical,1517775,10749,78.84,70.08,1/5/2008,30:15.6
VOSSLOH,Vossloh Schwabe Deutschland Gm,1527389,359,106.88,95,13/05/2008,30:15.6
VYNCO,Vynco Industries (NZ) Ltd,1515323AA,140662,961.88,855,1/5/2008,30:15.6
VYNCO,Vynco Industries (NZ) Ltd,1516296AB,141267,179.82,159.84,8/5/2008,30:15.6
VYNCO,Vynco Industries (NZ) Ltd,1526200AB,141740,15.59,13.86,12/5/2008,30:15.6
VYNCO,Vynco Industries (NZ) Ltd,1531362AA,142338,2307.83,2051.41,19/05/2008,30:15.6
VYNCO,Vynco Industries (NZ) Ltd,1535309,142836,1759.06,1563.61,22/05/2008,30:15.6
VYNCO,Vynco Industries (NZ) Ltd,1533293AA,143324,345.33,306.96,28/05/2008,30:15.6
VYNCO,Vynco Industries (NZ) Ltd,1542418AB,143878,32.7,29.07,30/05/2008,30:15.6
WRIGHTSD,Wrights Drycleaners Ltd,0,65114,20.48,18.2,15/05/2008,30:15.6
ABBLTD,ABB Ltd,1077012,88597,459.34,408.3,10/7/2006,31:34.0
ABBLTD,ABB Ltd,1234748,100292,141.08,125.4,26/03/2007,31:34.0
ABBLTD,ABB Ltd,1378654,110215,137.03,121.8,23/10/2007,31:34.0
ABBLTD,ABB Ltd,1443195,114200,326.25,290,23/01/2008,31:34.0
ABER,A Brown Energy Resources Ltd,1328915,337643/01,42.82,38.06,10/8/2007,31:34.0
ACCENTT,Accent Tools Ltd,1047265,133903-D01,198.88,176.78,25/05/2006,31:34.0
ACCENTT,Accent Tools Ltd,1186584,160541-D01,339.76,302,4/1/2007,31:34.0
ACCENTT,Accent Tools Ltd,1318766,187197-D01,42.75,38,27/07/2007,31:34.0
ACCENTT,Accent Tools Ltd,1433426,208583-D01,107.44,95.5,9/1/2008,31:34.0
ACCENTW,Accent on Wine,0,262692,1009.2,897.07,25/03/2008,31:34.0
ACME,Acme Office Supplies Ltd,1071511,5537,48.97,43.52,30/06/2006,31:34.0
ACME,Acme Office Supplies Ltd,0,HN016324,134.78,119.8,8/11/2006,31:34.0
ACTIVET,Active Technologies Ltd,1448816,702080,1176.41,1045.7,1/2/2008,31:34.0
ADCORP,Adcorp New Zealand Ltd,0,MA63080,299.09,265.86,29/02/2008,31:34.0
ADD,ADD LIGHTING (NZ) LTD,1151147AA,52163,74.93,66.6,3/11/2006,31:34.0
ADDLIGHT,Add Lighting Limited,1378921,565,125.39,111.46,24/10/2007,31:34.0
ADVANCE,Advance Electrical Wholesalers,1260419,138048,186.91,166.14,27/04/2007,31:34.0
ADVANCEDL,Advanced Lighting Technologies,1056849AA,28078,492.18,437.49,9/6/2006,31:34.0
ADVANCEDL,Advanced Lighting Technologies,1162521,29745,98.72,87.75,22/11/2006,31:34.0
ADVANCEDL,Advanced Lighting Technologies,1273645,31454,109.69,97.5,28/05/2007,31:34.0
ADVANCEDL,Advanced Lighting Technologies,1348743,32787,32.36,28.76,14/09/2007,31:34.0
ADVANCEDL,Advanced Lighting Technologies,1442801,33817,767.88,682.56,25/01/2008,31:34.0
ADVANCEDL,Advanced Lighting Technologies,0,CR1998,-49.37,-43.88,28/04/2006,31:34.0
ADVANCEP,Advance Electrical Whol Poriru,1107708,528436,230.56,204.94,23/08/2006,31:34.0
ADVANCEP,Advance Electrical Whol Poriru,0,568013,127.65,113.47,28/01/2008,31:34.0
ADVANTAGEP,Advantage Power Systems,1034771,12635,110.93,98.6,8/5/2006,31:34.0
AEGIS,Aegis Instruments NZ Ltd,1352583AA,100860,309.38,275,20/09/2007,31:34.0
AEROFAST,AEROFAST TIEDOWNS,1268268,50402,63,56,16/05/2007,31:34.0
AEROFASTT,Aerofast Tiedowns Ltd,1494007,16297,40.83,36.29,2/4/2008,31:34.0
AESTHE,Aesthetics Lighting Limited,1214763,21327,49432.58,43940.07,13/04/2007,31:34.0
AFLEX,Aflex Cable Sales NZ,973614,97665,120.94,107.5,13/01/2006,31:34.0
AFLEX,Aflex Cable Sales NZ,983595,98574,127.93,113.72,3/2/2006,31:34.0
AFLEX,Aflex Cable Sales NZ,993219,99344,39.22,34.86,22/02/2006,31:34.0
AFLEX,Aflex Cable Sales NZ,1002286,100105,49.25,43.78,10/3/2006,31:34.0
AFLEX,Aflex Cable Sales NZ,0,100927,108.56,96.5,30/03/2006,31:34.0
AFLEX,Aflex Cable Sales NZ,1024555,101705,231.5,205.78,20/04/2006,31:34.0
AFLEX,Aflex Cable Sales NZ,1037208,102554,1224,1088,11/5/2006,31:34.0
AFLEX,Aflex Cable Sales NZ,1050201,103385,2025.9,1800.8,30/05/2006,31:34.0
AFLEX,Aflex Cable Sales NZ,1064590,104307,1692.67,1504.6,22/06/2006,31:34.0
AFLEX,Aflex Cable Sales NZ,1075418,105030,631.8,561.6,7/7/2006,31:34.0
AFLEX,Aflex Cable Sales NZ,1086936,105790,21.71,19.3,25/07/2006,31:34.0
AFLEX,Aflex Cable Sales NZ,1098810,106613,166.72,148.2,16/08/2006,31:34.0
AFLEX,Aflex Cable Sales NZ,1112964,107607,1000.8,889.6,5/9/2006,31:34.0
AFLEX,Aflex Cable Sales NZ,1125777,108418,506.25,450,25/09/2006,31:34.0
AFLEX,Aflex Cable Sales NZ,1145031,109651,247.5,220,26/10/2006,31:34.0
AFLEX,Aflex Cable Sales NZ,1162114,110838,238,211.56,23/11/2006,31:34.0
AFLEX,Aflex Cable Sales NZ,1176519,111593,528.3,469.6,12/12/2006,31:34.0
AFLEX,Aflex Cable Sales NZ,1187027,112343,168.07,149.4,10/1/2007,31:34.0
AFLEX,Aflex Cable Sales NZ,1199655,113091,46.12,41,30/01/2007,31:34.0
AFLEX,Aflex Cable Sales NZ,1210022,113809,41.96,37.3,16/02/2007,31:34.0
AFLEX,Aflex Cable Sales NZ,1220441,114533,563.62,501,7/3/2007,31:34.0
AFLEX,Aflex Cable Sales NZ,1231377,115277,592.65,526.8,21/03/2007,31:34.0
AFLEX,Aflex Cable Sales NZ,1243356,116069,636.61,565.88,11/4/2007,31:34.0
AFLEX,Aflex Cable Sales NZ,1255066,116834,223.47,198.64,30/04/2007,31:34.0
AFLEX,Aflex Cable Sales NZ,1269990,117757,590.63,525,21/05/2007,31:34.0
AFLEX,Aflex Cable Sales NZ,1281232,118525,14.73,13.09,7/6/2007,31:34.0
AFLEX,Aflex Cable Sales NZ,1293645,119298,1525.95,1356.4,25/06/2007,31:34.0
AFLEX,Aflex Cable Sales NZ,1304423,119966,181.17,161.04,10/7/2007,31:34.0
AFLEX,Aflex Cable Sales NZ,1315532,120692,1117.12,993,25/07/2007,31:34.0
AFLEX,Aflex Cable Sales NZ,1328506,121551,405.45,360.4,13/08/2007,31:34.0
AFLEX,Aflex Cable Sales NZ,1341522,122392,57.8,51.38,30/08/2007,31:34.0
AFLEX,Aflex Cable Sales NZ,1351959AA,123132,2582.98,2295.98,14/09/2007,31:34.0
AFLEX,Aflex Cable Sales NZ,1363706,123860,84.87,75.44,3/10/2007,31:34.0
AFLEX,Aflex Cable Sales NZ,1377752,124637,422.7,375.73,19/10/2007,31:34.0
AFLEX,Aflex Cable Sales NZ,1389640,125356,57.63,51.23,6/11/2007,31:34.0
AFLEX,Aflex Cable Sales NZ,1401235,126003,77.56,68.94,20/11/2007,31:34.0
AFLEX,Aflex Cable Sales NZ,1412773,126753,140.53,124.92,5/12/2007,31:34.0
AFLEX,Aflex Cable Sales NZ,1424338,127444,410.62,365,18/12/2007,31:34.0
AFLEX,Aflex Cable Sales NZ,1434112,128091,643.5,572,11/1/2008,31:34.0
AFLEX,Aflex Cable Sales NZ,1445072,128731,17.21,15.3,29/01/2008,31:34.0
AFLEX,Aflex Cable Sales NZ,1455171,129400,3102.3,2757.6,13/02/2008,31:34.0
AFLEX,Aflex Cable Sales NZ,1465894,130049,26.28,23.36,26/02/2008,31:34.0
AFLEX,Aflex Cable Sales NZ,1475219,130714,405.45,360.4,10/3/2008,31:34.0
AFLEX,Aflex Cable Sales NZ,1487302,131393,114.36,101.65,26/03/2008,31:34.0
AFLEX,Aflex Cable Sales NZ,1499051,132103,1228.57,1092.06,8/4/2008,31:34.0
AFLEX,Aflex Cable Sales NZ,1469552AC,132764,529.2,470.4,22/04/2008,31:34.0
AFLEX,Aflex Cable Sales NZ,0,ZR1126539A,0,0,26/10/2006,31:34.0
AKDIST,Auckland District Law Society,0,705896,140.63,125,28/04/2006,31:34.0
ALARMN,Alarm New Zealand,1096223,43034,253.13,225,8/8/2006,31:34.0
ALARMN,Alarm New Zealand,1219446,INV46403,1398.38,1243,1/3/2007,31:34.0
ALARMN,Alarm New Zealand,1414928,INV51558,54.56,48.5,5/12/2007,31:34.0
ALCO,Alco Products,989156,614736,17.1,15.2,14/02/2006,31:34.0
ALCO,Alco Products,1105308,704682,1075.67,956.15,24/08/2006,31:34.0
ALCO,Alco Products,1263733,727600,162.93,144.83,10/5/2007,31:34.0
ALCO,Alco Products,1414909,814285,1038.98,923.54,5/12/2007,31:34.0
ALCO,Alco Products,1498742,823565,34.92,31.04,8/4/2008,31:34.0
ALLCO,Allco Agencies Ltd,1138245,21700,352.4,313.24,25/10/2006,31:34.0
ALLSALES,Allsales Agencies Ltd,977398,21772,187.88,167,19/01/2006,31:34.0
ALLSALES,Allsales Agencies Ltd,1003798,22538,751.5,668,13/04/2006,31:34.0
ALLSALES,Allsales Agencies Ltd,1024970AA,23182,542.25,482,21/04/2006,31:34.0
ALLSALES,Allsales Agencies Ltd,1049134,23749,108,96,29/05/2006,31:34.0
ALLSALES,Allsales Agencies Ltd,1070485,24361,191.25,170,29/06/2006,31:34.0
ALLSALES,Allsales Agencies Ltd,1091645AA,24986,4128.75,3670,8/8/2006,31:34.0
ALLSALES,Allsales Agencies Ltd,1115557AA,25683,694.69,617.5,11/9/2006,31:34.0
ALLSALES,Allsales Agencies Ltd,1136473,26246,675,600,10/10/2006,31:34.0
ALLSALES,Allsales Agencies Ltd,1158610,26823,29.98,26.65,14/11/2006,31:34.0
ALLSALES,Allsales Agencies Ltd,1179087,27409,105.98,94.2,13/12/2006,31:34.0
ALLSALES,Allsales Agencies Ltd,1199395AA,28117,178.88,159,1/2/2007,31:34.0
ALLSALES,Allsales Agencies Ltd,1233248AA,28854,439.88,391,1/5/2007,31:34.0
ALLSALES,Allsales Agencies Ltd,1232140AC,29555,52.14,46.35,4/9/2007,31:34.0
ALLSALES,Allsales Agencies Ltd,1282687AA,30156,670.95,596.4,13/06/2007,31:34.0
ALLSALES,Allsales Agencies Ltd,1302674,30846,84.38,75,11/7/2007,31:34.0
ALLSALES,Allsales Agencies Ltd,1331969,31534,1659.77,1475.35,15/08/2007,31:34.0
ALLSALES,Allsales Agencies Ltd,1360989,32299,769.44,683.95,26/09/2007,31:34.0
ALLSALES,Allsales Agencies Ltd,1386562,32979,533.25,474,31/10/2007,31:34.0
ALLSALES,Allsales Agencies Ltd,1416933,33733,427.5,380,6/12/2007,31:34.0
ALLSALES,Allsales Agencies Ltd,1446389,34451,85.05,75.6,29/01/2008,31:34.0
ALLSALES,Allsales Agencies Ltd,1476798,35307,70.59,62.75,10/3/2008,31:34.0
ALLSALES,Allsales Agencies Ltd,1503376,36011,315,280,14/04/2008,31:34.0
ALLSALESSI,Allsales (NZ) Ltd,1096383,19801,294.92,262.15,8/8/2006,31:34.0
ALLSALESSI,Allsales (NZ) Ltd,1375267,21177,186.53,165.8,15/10/2007,31:34.0
ALLSALESSI,Allsales (NZ) Ltd,1481273AA,21595,112.5,100,20/03/2008,31:34.0
ALPINEFR,Alpine Fresh,0,3088,151.88,135,2/4/2007,31:34.0
AMBERT,Amber Technology (NZ) Ltd,1153408,8105,433.88,385.67,6/11/2006,31:34.0
AMPACI,Ampac Advanced Warning System,1172750,31026,529.88,471,5/12/2006,31:34.0
AMPACI,Ampac Advanced Warning System,1376737,34184,393.75,350,17/10/2007,31:34.0
AMPACI,Ampac Advanced Warning System,1490104,SINV-1699,745.88,663,28/03/2008,31:34.0
AMPCONTROL,Ampcontrol NZ Limited,1295864,13793,9.39,8.35,27/06/2007,31:34.0
AMPCONTROL,Ampcontrol NZ Limited,1454651,14833,58.94,52.39,14/02/2008,31:34.0
AMPY,Ampy Email (NZ) Ltd,991399,106056,386.48,343.53,17/02/2006,31:34.0
AMPY,Ampy Email (NZ) Ltd,1125661,108788,142.96,127.08,22/09/2006,31:34.0
AMPY,Ampy Email (NZ) Ltd,1245252,IN110911,40.37,35.88,11/4/2007,31:34.0
AMPY,Ampy Email (NZ) Ltd,1360980,IN112988,122.61,108.99,26/09/2007,31:34.0
AMPY,Ampy Email (NZ) Ltd,1475642,IN114854,120.66,107.25,10/3/2008,31:34.0
ANCHOR,Anchor Wire Limited,1398790,SIN029900,1419.08,1261.4,22/11/2007,31:34.0
ANDREWSP,Andrews Property Service Ltd,0,603275,313.88,279,31/07/2006,31:34.0
ANIXTER,Anixter New Zealand Limited,1467818,140-021774,72,64,26/02/2008,31:34.0
APPCO,Appco Auto Parts,0,1560937422,-93.67,-83.26,10/10/2007,31:34.0
APPLICO,Applico Group Ltd,1005211AB,510388-D01,-997.77,-886.91,29/03/2006,31:34.0
APPLICO,Applico Group Ltd,1313281,SP532094-1,625.6,556.09,20/07/2007,31:34.0
AQUAFLO,AQUA FLOW LTD,1183806,4484,239.06,212.5,21/12/2006,31:34.0
AQUAFLO,AQUA FLOW LTD,1360011,7277,666.47,592.42,26/09/2007,31:34.0
ARCH,Architectural Intelligence Ltd,1360897,828,729,648,27/09/2007,31:34.0
ARCLIGHT,Arc Lighting Limited,9983521AB,HI000653,77.63,69,28/07/2006,31:34.0
ARCLIGHT,Arc Lighting Limited,0,May-07,-451.62,-401.44,31/05/2007,31:34.0
ARDRICH,Ardrich Australasia Ltd,1288068,17656,167.96,149.3,14/06/2007,31:34.0
ARGON,Argon Industries,1224649,51312,6.27,5.57,19/03/2007,31:34.0
ARGUS,Argus Heating Ltd,1332561,47717/01,200.43,178.16,22/08/2007,31:34.0
ARMOURS,Armourguard Monitoring,0,14281837,55,48.89,30/10/2007,31:34.0
ARROWH,Arrowhead Alarm Products Ltd,1020651,64170,1006.88,895,19/04/2006,31:34.0
ARROWH,Arrowhead Alarm Products Ltd,1078241,65902,87.75,78,18/07/2006,31:34.0
ARROWH,Arrowhead Alarm Products Ltd,1138088,67585,251.44,223.5,18/10/2006,31:34.0
ARROWH,Arrowhead Alarm Products Ltd,0,69039,-28.57,-25.4,20/12/2006,31:34.0
ARROWH,Arrowhead Alarm Products Ltd,1204827,100690,723.26,642.9,12/2/2007,31:34.0
ARROWH,Arrowhead Alarm Products Ltd,1225122,101561,1033.82,918.95,15/03/2007,31:34.0
ARROWH,Arrowhead Alarm Products Ltd,1269363,103115,171.56,152.5,21/05/2007,31:34.0
ARROWH,Arrowhead Alarm Products Ltd,1294658AB,104347,165.38,147,10/7/2007,31:34.0
ARROWH,Arrowhead Alarm Products Ltd,1333341AA,105608,59.63,53,27/08/2007,31:34.0
ARROWH,Arrowhead Alarm Products Ltd,1370605,106789,2133,1896,15/10/2007,31:34.0
ARROWH,Arrowhead Alarm Products Ltd,1414297,108238,214.31,190.5,5/12/2007,31:34.0
ARROWH,Arrowhead Alarm Products Ltd,1451033,109647,93.15,82.8,7/2/2008,31:34.0
ARROWH,Arrowhead Alarm Products Ltd,1497395,111354,83.03,73.8,7/4/2008,31:34.0
ASCOMA,Ascomation (NZ) Limited,1318729,54399A,163.94,145.72,27/07/2007,31:34.0
ASSA,Assa Abloy,1245519,65517,322.53,286.69,13/04/2007,31:34.0
ASSCOM,AC Technologies Limited,1118993,50517,122.02,108.46,13/09/2006,31:34.0
ASSOCIAT,Associated Insulation,974256,168092,77.63,69,17/01/2006,31:34.0
ASSOCIAT,Associated Insulation,972733,170485,48.38,43,15/03/2006,31:34.0
ASSOCIAT,Associated Insulation,1034612,172650,244.91,217.7,8/5/2006,31:34.0
ASSOCIAT,Associated Insulation,1058909,174197,263.25,234,14/06/2006,31:34.0
ASSOCIAT,Associated Insulation,1089118,175874,444.38,395,27/07/2006,31:34.0
ASSOCIAT,Associated Insulation,1108458AA,178023,264.38,235,6/10/2006,31:34.0
ASSOCIAT,Associated Insulation,1099510AA,179981,238.5,212,21/11/2006,31:34.0
ASSOCIAT,Associated Insulation,1208969,182089,1146.38,1019,15/02/2007,31:34.0
ASSOCIAT,Associated Insulation,1257735,184186,540,480,2/5/2007,31:34.0
ASSOCIAT,Associated Insulation,1304780,186068,594,528,10/7/2007,31:34.0
ASSOCIAT,Associated Insulation,1357746,188344,639,568,21/09/2007,31:34.0
ASSOCIAT,Associated Insulation,1372648,188997,675,600,12/10/2007,31:34.0
ASSOCIAT,Associated Insulation,1412206,190613,36,32,4/12/2007,31:34.0
ASSOCIAT,Associated Insulation,1451923,192125,131.63,117,7/2/2008,31:34.0
ASSOCIAT,Associated Insulation,1485017,193597,303.75,270,20/03/2008,31:34.0
ASSOCIAT,Associated Insulation,0,C172183,-34.88,-31,17/05/2006,31:34.0
ATCO,Tridonic Atco NZ Ltd,983344,416103,751.5,668,2/2/2006,31:34.0
ATCO,Tridonic Atco NZ Ltd,999807,417432,400.16,355.7,6/3/2006,31:34.0
ATCO,Tridonic Atco NZ Ltd,1015611,418931,666.84,592.75,4/4/2006,31:34.0
ATCO,Tridonic Atco NZ Ltd,1031626AB,420366,99.34,88.3,9/5/2006,31:34.0
ATCO,Tridonic Atco NZ Ltd,1055598,421732,7811.61,6943.65,7/6/2006,31:34.0
ATCO,Tridonic Atco NZ Ltd,1074403,423057,59.63,53,5/7/2006,31:34.0
ATCO,Tridonic Atco NZ Ltd,1091918,424435,1284.53,1141.8,1/8/2006,31:34.0
ATCO,Tridonic Atco NZ Ltd,1108862,425856,61.01,54.23,28/08/2006,31:34.0
ATCO,Tridonic Atco NZ Ltd,1128170,427242,172.13,153,27/09/2006,31:34.0
ATCO,Tridonic Atco NZ Ltd,1149573,428665,194.06,172.5,31/10/2006,31:34.0
ATCO,Tridonic Atco NZ Ltd,1167979,429940,340.54,302.7,28/11/2006,31:34.0
ATCO,Tridonic Atco NZ Ltd,1188338,431343,53.44,47.5,9/1/2007,31:34.0
ATCO,Tridonic Atco NZ Ltd,1208868,432728,152.44,135.5,14/02/2007,31:34.0
ATCO,Tridonic Atco NZ Ltd,1228291,434012,20.48,18.2,15/03/2007,31:34.0
ATCO,Tridonic Atco NZ Ltd,1248385,435354,138.26,122.9,16/04/2007,31:34.0
ATCO,Tridonic Atco NZ Ltd,1266566,436617,75.09,66.75,14/05/2007,31:34.0
ATCO,Tridonic Atco NZ Ltd,1287144,437993,88.88,79,13/06/2007,31:34.0
ATCO,Tridonic Atco NZ Ltd,1294289,439166,207.9,184.8,6/7/2007,31:34.0
ATCO,Tridonic Atco NZ Ltd,1322964,440559,210.15,186.8,2/8/2007,31:34.0
ATCO,Tridonic Atco NZ Ltd,1343377,441937,64.24,57.1,31/08/2007,31:34.0
ATCO,Tridonic Atco NZ Ltd,1360372,443136,448.2,398.4,25/09/2007,31:34.0
ATCO,Tridonic Atco NZ Ltd,1379934,444355,117.39,104.35,23/10/2007,31:34.0
ATCO,Tridonic Atco NZ Ltd,1388137,444918,1312.54,1166.7,2/11/2007,31:34.0
ATCO,Tridonic Atco NZ Ltd,1405934,446042,1016.61,903.65,26/11/2007,31:34.0
ATCO,Tridonic Atco NZ Ltd,1426540,447234,134.44,119.5,19/12/2007,31:34.0
ATCO,Tridonic Atco NZ Ltd,63076,448317,112.89,100.35,31/01/2008,31:34.0
ATCO,Tridonic Atco NZ Ltd,1470776,449651,183.04,162.7,3/3/2008,31:34.0
ATCO,Tridonic Atco NZ Ltd,1490679,450860,665.16,591.25,28/03/2008,31:34.0
ATCO,Tridonic Atco NZ Ltd,1509583,452011,1544.01,1372.45,21/04/2008,31:34.0
ATCO,Tridonic Atco NZ Ltd,1048734AA,920018,-540.83,-480.74,26/06/2006,31:34.0
ATCO,Tridonic Atco NZ Ltd,0,920946,-293.63,-261,19/04/2007,31:34.0
ATCO,Tridonic Atco NZ Ltd,0,921859,-212.85,-189.2,30/11/2007,31:34.0
ATLASG,Atlas Gentech (NZ) Ltd,1053282,297028,382.5,340,2/6/2006,31:34.0
ATLASG,Atlas Gentech (NZ) Ltd,1251826,IN00323844,2323.13,2065,20/04/2007,31:34.0
ATTWOOD,E C Attwood Ltd,988426,AK416705,544.51,484,15/02/2006,31:34.0
ATTWOOD,E C Attwood Ltd,1313167,AT066085,265.17,235.71,23/07/2007,31:34.0
ATTWOOD,E C Attwood Ltd,1296190,HM181967,40.44,35.95,28/06/2007,31:34.0
AUCKINT,Auckland International Airport,0,102983,40.5,36,20/02/2007,31:34.0
AUDIOP,Audio Products Group,1085872AA,522601:2,201.66,179.25,1/8/2006,31:34.0
AUDIOP,Audio Products Group,1253494,532735:1,88.08,78.29,24/04/2007,31:34.0
AUDIOP,Audio Products Group,1327995AA,539399:1,-48.96,-43.52,27/09/2007,31:34.0
AUDIOP,Audio Products Group,1481073,547866:1,72,64,14/03/2008,31:34.0
AUDTECO,AUDIO TELEX COMMUNICATIONS LTD,1243972,82537,17.84,15.86,16/04/2007,31:34.0
AUTOSYS,Automation Systems Interface,1020828,10825,32.23,28.65,12/4/2006,31:34.0
AUTOSYS,Automation Systems Interface,1205627,14280,24.55,21.82,9/2/2007,31:34.0
AUTOSYS,Automation Systems Interface,1411570,18229,353.7,314.4,4/12/2007,31:34.0
AVON,Avon Industries Ltd,1025663,29731,1345.5,1196,21/04/2006,31:34.0
AWARDMARK,Award Marking Ltd,1496569,4269,11.25,10,9/4/2008,31:34.0
AXIAL,Axial Appliance Servicing Ltd,1113728,204036,48.11,42.76,5/9/2006,31:34.0
AXIAL,Axial Appliance Servicing Ltd,1426359,246522,51.37,45.66,18/12/2007,31:34.0
AXIOM,Axiom Data Logging Systems,1258608,5415,189,168,2/5/2007,31:34.0
BALCOM,Balcom Products Ltd,1120115AA,664,-24.75,-22,1/3/2007,31:34.0
BALCOM,Balcom Products Ltd,1073818,6430,155.25,138,4/7/2006,31:34.0
BALCOM,Balcom Products Ltd,1116661,6965,367.44,326.6,11/9/2006,31:34.0
BALCOM,Balcom Products Ltd,1153618,7443,257.64,229,7/11/2006,31:34.0
BALCOM,Balcom Products Ltd,1189495,7887,40.95,36.4,12/1/2007,31:34.0
BALCOM,Balcom Products Ltd,1227776,8346,110.05,97.82,15/03/2007,31:34.0
BALCOM,Balcom Products Ltd,1259239AA,8779,44.1,39.2,15/05/2007,31:34.0
BALCOM,Balcom Products Ltd,1304961,9224,89.78,79.8,9/7/2007,31:34.0
BALCOM,Balcom Products Ltd,1289270AB,9640,14.06,12.5,23/08/2007,31:34.0
BALCOM,Balcom Products Ltd,1382449,10158,54,48,29/10/2007,31:34.0
BALCOM,Balcom Products Ltd,1419108,10598,85.73,76.2,10/12/2007,31:34.0
BALCOM,Balcom Products Ltd,1454527,11037,269.39,239.46,15/02/2008,31:34.0
BALCOM,Balcom Products Ltd,1503064,11525,290.26,258.01,11/4/2008,31:34.0
BALCOM,Balcom Products Ltd,989592,36216,89.44,79.5,15/02/2006,31:34.0
BALCOM,Balcom Products Ltd,1019799,36685,70.22,62.42,10/4/2006,31:34.0
BATTERYM,Battery Masta,1175061,98705,45,40,7/12/2006,31:34.0
BAYENGIN,Bay Engineers Supplies,1196546AA,HM110970,34.85,30.98,24/01/2007,31:34.0
BAYOFFICE,Bay Office Products Depot,0,168050,-7.09,-6.3,23/08/2007,31:34.0
BBQ,BBQ Factory Ltd,1332435,14030453,79.2,70.4,17/08/2007,31:34.0
BEAUREP,Beaurep Frank A Goodyr,1405413,56229,90.59,80.52,26/11/2007,31:34.0
BEAUREP,Beaurep Frank A Goodyr,0,93383,22.19,19.72,4/12/2006,31:34.0
BENCHM,Benchmark Bunnings,1140552,230510168,1.76,1.56,4/10/2006,31:34.0
BEP,B E P MARINE,1378512,93021,142.68,126.83,29/10/2007,31:34.0
BETTER,Better Box Contracting,1508661,987462,38.03,33.8,21/04/2008,31:34.0
BINTEC,Bintech Distributors,1032536AB,13604,45,40,7/8/2006,31:34.0
BINTEC,Bintech Distributors,1198588,18450,24.78,22.03,26/01/2007,31:34.0
BINTEC,Bintech Distributors,1313845,24651,96.92,86.15,20/07/2007,31:34.0
BINTEC,Bintech Distributors,1452564,INV31482,14.86,13.21,19/02/2008,31:34.0
BLACKS,Blacks Fasteners,1361587,141545,107.93,95.94,26/09/2007,31:34.0
BOC,Boc Gases New Zealand Ltd,1031032AB,308828956,18.45,16.4,9/5/2006,31:34.0
BOC,Boc Gases New Zealand Ltd,0,309924567,8.67,7.71,28/05/2007,31:34.0
BOLLE,Bolle New Zealand,1126038,31251,81,72,22/09/2006,31:34.0
BOPELECT,Bay of Plenty Electricity,0,May-06,693.16,616.14,31/05/2006,31:34.0
BOWERSW,B&W Bowers & Wilkens,1176295,33144,1264.5,1124,11/12/2006,31:34.0
BOWERSW,B&W Bowers & Wilkens,1347690,36474,666,592,7/9/2007,31:34.0
BOWERSW,B&W Bowers & Wilkens,1450689,38585,932.62,829,4/2/2008,31:34.0
BRASSFIT,Brass Fit Engineering Supplies,999456,97599,27.34,24.3,3/3/2006,31:34.0
BREMCA2,Bremca Industries Ltd,1030206,129288,72.79,64.7,3/5/2006,31:34.0
BREMCA2,Bremca Industries Ltd,1133375,133881,406.76,361.56,11/10/2006,31:34.0
BREMCA2,Bremca Industries Ltd,1234740,138321,65.97,58.64,27/03/2007,31:34.0
BREMCA2,Bremca Industries Ltd,1351446AA,143424,500.06,444.5,13/09/2007,31:34.0
BREMCA2,Bremca Industries Ltd,1403139,145962,656.37,583.44,22/11/2007,31:34.0
BREMCA2,Bremca Industries Ltd,1438109AA,147685,92.9,82.58,18/01/2008,31:34.0
BREMCA2,Bremca Industries Ltd,1476800,149355,64.44,57.28,11/3/2008,31:34.0
BREMCABOP,Bremca Bay Of Plenty Ltd,1173803,1786,14.55,12.93,6/12/2006,31:34.0
BREMCAW,Bremca Waikato,1202959AE,2190,-32.56,-28.94,14/02/2007,31:34.0
BRETT,Brett Productions Ltd,1158152,8968,111.91,99.48,13/11/2006,31:34.0
BREVILLE,HWI New Zealand,1247705,666879,12.08,10.74,1/5/2007,31:34.0
BRIGHTLIG,Bright Light New Zealand,1411241,2426,417.38,371,29/11/2007,31:34.0
BROOKS,JOHN BROOKS LTD,1196822,55807,575.51,511.56,26/01/2007,31:34.0
BROTHER,Brother International (NZ) Ltd,1025416AA,479973,57.13,50.78,24/04/2006,31:34.0
BROTHER,Brother International (NZ) Ltd,1155246,BR507241,279.51,248.45,8/11/2006,31:34.0
BROTHER,Brother International (NZ) Ltd,1291513,BR615263,29.91,26.59,20/06/2007,31:34.0
BROTHER,Brother International (NZ) Ltd,1449388,BR640980,13.86,12.32,5/2/2008,31:34.0
BROTHER,Brother International (NZ) Ltd,1506335,BR649341,224.16,199.25,16/04/2008,31:34.0
BURKERT,Burket Contromatic NZ Ltd,1163568,812633,430.71,382.85,21/11/2006,31:34.0
BUYRITE,Buyrite Appliances,1181439,1664,115.88,103,18/12/2006,31:34.0
CAFE,Cafe Express Souyh Island Ltd,0,1053201,73.12,65,22/01/2008,31:34.0
CAMBRIDG,Cambridge Parcels,1340780,15122,800,711.12,27/08/2007,31:34.0
CARBONE,Carbone Of New Zealand Ltd,0,11140,-4.02,-3.57,28/12/2006,31:34.0
CARDY,Cardy Business Ltd,0,211612,5.63,5,17/10/2006,31:34.0
CARLTONPK,Carlton Party Hire Pakuranga,1005957,902400,144,128,17/03/2006,31:34.0
CARREL,Carrel & Carrel Ltd,982567,284789-00,96.86,86.1,1/2/2006,31:34.0
CARREL,Carrel & Carrel Ltd,1016452,285918-00,114.19,101.5,4/4/2006,31:34.0
CARREL,Carrel & Carrel Ltd,1057811,287035-00,126,112,13/06/2006,31:34.0
CARREL,Carrel & Carrel Ltd,1094724,288138-00,181.13,161,7/8/2006,31:34.0
CARREL,Carrel & Carrel Ltd,1118213AA,289039-00,-56.7,-50.4,21/09/2006,31:34.0
CARREL,Carrel & Carrel Ltd,1153033,289814-00,455.96,405.3,7/11/2006,31:34.0
CARREL,Carrel & Carrel Ltd,1188993,290788-00,235.46,209.3,15/01/2007,31:34.0
CARREL,Carrel & Carrel Ltd,1234570,292050-00,129.94,115.5,27/03/2007,31:34.0
CARREL,Carrel & Carrel Ltd,1279366,293271-01,193.73,172.2,1/6/2007,31:34.0
CARREL,Carrel & Carrel Ltd,1315696,294212-00,676.46,601.3,25/07/2007,31:34.0
CARREL,Carrel & Carrel Ltd,1346085,295081-00,5062.5,4500,5/9/2007,31:34.0
CARREL,Carrel & Carrel Ltd,1383518,295943-00,144.9,128.8,29/10/2007,31:34.0
CARREL,Carrel & Carrel Ltd,1415018,296640-00,448.88,399,5/12/2007,31:34.0
CARREL,Carrel & Carrel Ltd,1448400,297341-00,128.99,114.66,31/01/2008,31:34.0
CARREL,Carrel & Carrel Ltd,1478333,298069-00,129.94,115.5,12/3/2008,31:34.0
CARREL,Carrel & Carrel Ltd,1513740,298800-00,449.66,399.7,28/04/2008,31:34.0
CARRIERA,Carrier Air Conditioning,1219918,545052,3020.63,2685,2/3/2007,31:34.0
CARRIERA,Carrier Air Conditioning,1444221,560841,3719.25,3306,25/01/2008,31:34.0
CASTLE,Castle Clothing NZ t/a,1186496,672,33.04,29.37,4/1/2007,31:34.0
CDBMEDIA,CDB Media Ltd,1063991,110764,66.15,58.8,20/06/2006,31:34.0
CDBMEDIA,CDB Media Ltd,1213045,127518,125.32,111.4,21/02/2007,31:34.0
CDBMEDIA,CDB Media Ltd,1363982,143698,304.43,270.6,3/10/2007,31:34.0
CDBMEDIA,CDB Media Ltd,0,CR117353,-31.28,-27.8,29/09/2006,31:34.0
CEILINGFAN,Ceiling Fan Co. (2004) Ltd,1125120,2347,294.47,261.75,21/09/2006,31:34.0
CEILINGFAN,Ceiling Fan Co. (2004) Ltd,1323283,3358,16.88,15,2/8/2007,31:34.0
CEILINGFAN,Ceiling Fan Co. (2004) Ltd,1472865,4183,30.94,27.5,5/3/2008,31:34.0
CELLECT,Cellect,1099993,1020346896,21.38,19,14/08/2006,31:34.0
CENTRALF,Central Motor Group Ltd,0,R98470,285.1,253.42,29/05/2007,31:34.0
CHEMZ,Chemz Ltd,996198,16349,55.69,49.5,27/02/2006,31:34.0
CHEMZ,Chemz Ltd,1161894,18556,157.34,139.86,21/11/2006,31:34.0
CHEMZ,Chemz Ltd,1384483,21367,398.25,354,29/10/2007,31:34.0
CHISHOLMS,Chisholms Limited,0,11906,-63.45,-56.4,15/05/2007,31:34.0
CHNZ,CH NEW ZEALAND LIMITED,994311,37408,12.51,11.12,23/02/2006,31:34.0
CHNZ,CH NEW ZEALAND LIMITED,1056051,39452,212.04,188.48,8/6/2006,31:34.0
CHNZ,CH NEW ZEALAND LIMITED,1109999,41236,72.77,64.68,30/08/2006,31:34.0
CHNZ,CH NEW ZEALAND LIMITED,1176129,43317,137.5,122.22,8/12/2006,31:34.0
CHNZ,CH NEW ZEALAND LIMITED,1231007,45081,82.08,72.96,20/03/2007,31:34.0
CHUBBFS,Chubb NZ Ltd,958045,203487,2060.83,1831.85,20/03/2006,31:34.0
CHUBBPRO,Chubb Protective Services,0,3040647,28.13,25,7/4/2008,31:34.0
CITYPOWER,City Power Tools,1425040,3341,150.75,134,17/12/2007,31:34.0
CLEANIT,Cleanit Skips,1186494,40084,286.87,255,31/12/2006,31:34.0
CLIPSAL,Clipsal Industries (NZ) Ltd,970037,303385,11.27,10.02,4/1/2006,31:34.0
CLIPSAL,Clipsal Industries (NZ) Ltd,973993,304445,6.01,5.34,12/1/2006,31:34.0
CLIPSAL,Clipsal Industries (NZ) Ltd,78318,305377,155.03,137.8,18/01/2006,31:34.0
CLIPSAL,Clipsal Industries (NZ) Ltd,968298AE,306304,34.08,30.29,24/01/2006,31:34.0
CLIPSAL,Clipsal Industries (NZ) Ltd,982712,307422,1066.43,947.94,1/2/2006,31:34.0
CLIPSAL,Clipsal Industries (NZ) Ltd,986045AA,308398,6.03,5.36,8/2/2006,31:34.0
CLIPSAL,Clipsal Industries (NZ) Ltd,989317,309465,86.01,76.45,14/02/2006,31:34.0
CLIPSAL,Clipsal Industries (NZ) Ltd,990135,310014,3371.58,2996.96,16/02/2006,31:34.0
CLIPSAL,Clipsal Industries (NZ) Ltd,980286,311121,3340.88,2969.67,22/02/2006,31:34.0
CLIPSAL,Clipsal Industries (NZ) Ltd,996200,311919,566.25,503.33,27/02/2006,31:34.0
CLIPSAL,Clipsal Industries (NZ) Ltd,999315AA,312951,10.01,8.9,3/3/2006,31:34.0
CLIPSAL,Clipsal Industries (NZ) Ltd,1001202,313917,560.4,498.13,8/3/2006,31:34.0
CLIPSAL,Clipsal Industries (NZ) Ltd,0,314989,-10.34,-9.19,15/03/2006,31:34.0
CLIPSAL,Clipsal Industries (NZ) Ltd,1008020,315875,21.5,19.11,20/03/2006,31:34.0
CLIPSAL,Clipsal Industries (NZ) Ltd,1009139,316744,6851.62,6090.33,22/03/2006,31:34.0
CLIPSAL,Clipsal Industries (NZ) Ltd,1009613AA,317689,6.19,5.5,22/03/2006,31:34.0
CLIPSAL,Clipsal Industries (NZ) Ltd,1015168AA,318411,467.64,415.68,3/4/2006,31:34.0
CLIPSAL,Clipsal Industries (NZ) Ltd,83419AB,319309,3387.81,3011.39,6/4/2006,31:34.0
CLIPSAL,Clipsal Industries (NZ) Ltd,1020886,320129,100.67,89.48,11/4/2006,31:34.0
CLIPSAL,Clipsal Industries (NZ) Ltd,0,320982,-53.47,-47.53,19/04/2006,31:34.0
CLIPSAL,Clipsal Industries (NZ) Ltd,1024549AA,321696,19.53,17.36,24/04/2006,31:34.0
CLIPSAL,Clipsal Industries (NZ) Ltd,1029698,322556,1284.38,1141.67,1/5/2006,31:34.0
CLIPSAL,Clipsal Industries (NZ) Ltd,1033031,323530,661.4,587.91,4/5/2006,31:34.0
CLIPSAL,Clipsal Industries (NZ) Ltd,1019989AB,324255,23.6,20.98,9/5/2006,31:34.0
CLIPSAL,Clipsal Industries (NZ) Ltd,1039850,325181,16.49,14.66,15/05/2006,31:34.0
CLIPSAL,Clipsal Industries (NZ) Ltd,1034112AB,326102,-165.5,-147.11,19/05/2006,31:34.0
CLIPSAL,Clipsal Industries (NZ) Ltd,1046390,327117,151.88,135,24/05/2006,31:34.0
CLIPSAL,Clipsal Industries (NZ) Ltd,0,328053,408.59,363.19,30/05/2006,31:34.0
CLIPSAL,Clipsal Industries (NZ) Ltd,1053898,329141,508.56,452.05,6/6/2006,31:34.0
CLIPSAL,Clipsal Industries (NZ) Ltd,1059165,330199,6.03,5.36,13/06/2006,31:34.0
CLIPSAL,Clipsal Industries (NZ) Ltd,1062215,331044,2804.07,2492.51,16/06/2006,31:34.0
CLIPSAL,Clipsal Industries (NZ) Ltd,1050518AB,331429,-1126.73,-1001.54,20/06/2006,31:34.0
CLIPSAL,Clipsal Industries (NZ) Ltd,1066664,332481,131.92,117.26,23/06/2006,31:34.0
CLIPSAL,Clipsal Industries (NZ) Ltd,1031333,333115,292.31,259.83,27/06/2006,31:34.0
CLIPSAL,Clipsal Industries (NZ) Ltd,1068914,334389,366.36,325.65,4/7/2006,31:34.0
CLIPSAL,Clipsal Industries (NZ) Ltd,1076544,335210,2101.74,1868.21,7/7/2006,31:34.0
CLIPSAL,Clipsal Industries (NZ) Ltd,1072258AB,335931,52.65,46.8,11/7/2006,31:34.0
CLIPSAL,Clipsal Industries (NZ) Ltd,1081229,336888,142.17,126.37,17/07/2006,31:34.0
CLIPSAL,Clipsal Industries (NZ) Ltd,1058732AA,337928,-152.78,-135.8,21/07/2006,31:34.0
CLIPSAL,Clipsal Industries (NZ) Ltd,1087156,338871,1575,1400,25/07/2006,31:34.0
CLIPSAL,Clipsal Industries (NZ) Ltd,1090348,339656,7709.6,6852.98,31/07/2006,31:34.0
CLIPSAL,Clipsal Industries (NZ) Ltd,985619AA,340408,281.01,249.79,2/8/2006,31:34.0
CLIPSAL,Clipsal Industries (NZ) Ltd,0,341357,-119.81,-106.5,7/8/2006,31:34.0
CLIPSAL,Clipsal Industries (NZ) Ltd,1095998,342120,227.81,202.5,8/8/2006,31:34.0
CLIPSAL,Clipsal Industries (NZ) Ltd,1074597AG,343202,-868.6,-772.09,15/08/2006,31:34.0
CLIPSAL,Clipsal Industries (NZ) Ltd,1102302,344015,117,104,17/08/2006,31:34.0
CLIPSAL,Clipsal Industries (NZ) Ltd,1106261,345236,14832.18,13184.16,23/08/2006,31:34.0
CLIPSAL,Clipsal Industries (NZ) Ltd,1110486,346547,19.01,16.9,30/08/2006,31:34.0
CLIPSAL,Clipsal Industries (NZ) Ltd,1106564AA,347542,12.39,11.01,5/9/2006,31:34.0
CLIPSAL,Clipsal Industries (NZ) Ltd,1115733AA,348437,566.55,503.6,8/9/2006,31:34.0
CLIPSAL,Clipsal Industries (NZ) Ltd,1119212,349345,9.07,8.06,13/09/2006,31:34.0
CLIPSAL,Clipsal Industries (NZ) Ltd,1117147,350409,28.55,25.38,19/09/2006,31:34.0
CLIPSAL,Clipsal Industries (NZ) Ltd,1125396AA,351217,325.44,289.28,22/09/2006,31:34.0
CLIPSAL,Clipsal Industries (NZ) Ltd,1129369,352222,73.82,65.62,28/09/2006,31:34.0
CLIPSAL,Clipsal Industries (NZ) Ltd,1131776,352950,165.96,147.52,3/10/2006,31:34.0
CLIPSAL,Clipsal Industries (NZ) Ltd,1135358,353916,1853.74,1647.77,9/10/2006,31:34.0
CLIPSAL,Clipsal Industries (NZ) Ltd,1138219,354822,16.23,14.43,12/10/2006,31:34.0
CLIPSAL,Clipsal Industries (NZ) Ltd,1117423AE,355648,2.14,1.9,17/10/2006,31:34.0
CLIPSAL,Clipsal Industries (NZ) Ltd,1144641,356626,1071.55,952.49,24/10/2006,31:34.0
CLIPSAL,Clipsal Industries (NZ) Ltd,1147388,357410,190.35,169.2,27/10/2006,31:34.0
CLIPSAL,Clipsal Industries (NZ) Ltd,1151632,358320,297,264,2/11/2006,31:34.0
CLIPSAL,Clipsal Industries (NZ) Ltd,1136055AB,359323,36.3,32.27,7/11/2006,31:34.0
CLIPSAL,Clipsal Industries (NZ) Ltd,1157489,360355,122.86,109.21,13/11/2006,31:34.0
CLIPSAL,Clipsal Industries (NZ) Ltd,1160569AA,361178,88.23,78.43,16/11/2006,31:34.0
CLIPSAL,Clipsal Industries (NZ) Ltd,1163981,362080,6.78,6.03,22/11/2006,31:34.0
CLIPSAL,Clipsal Industries (NZ) Ltd,1166464,362835,20673.77,18376.68,27/11/2006,31:34.0
CLIPSAL,Clipsal Industries (NZ) Ltd,1170441,363620,134.17,119.26,30/11/2006,31:34.0
CLIPSAL,Clipsal Industries (NZ) Ltd,1172713,364542,2333.04,2073.81,5/12/2006,31:34.0
CLIPSAL,Clipsal Industries (NZ) Ltd,1175665,365481,42.37,37.66,8/12/2006,31:34.0
CLIPSAL,Clipsal Industries (NZ) Ltd,1150109,366339,147.52,131.13,13/12/2006,31:34.0
CLIPSAL,Clipsal Industries (NZ) Ltd,1179641,367166,29.76,26.45,18/12/2006,31:34.0
CLIPSAL,Clipsal Industries (NZ) Ltd,1184759,367967,6674.3,5932.71,21/12/2006,31:34.0
CLIPSAL,Clipsal Industries (NZ) Ltd,1186485,368731,220.43,195.94,4/1/2007,31:34.0
CLIPSAL,Clipsal Industries (NZ) Ltd,1189196,369617,57.24,50.88,11/1/2007,31:34.0
CLIPSAL,Clipsal Industries (NZ) Ltd,1191109AB,370478,-21.32,-18.95,18/01/2007,31:34.0
CLIPSAL,Clipsal Industries (NZ) Ltd,1157871AC,371351,326.7,290.4,23/01/2007,31:34.0
CLIPSAL,Clipsal Industries (NZ) Ltd,1190974AE,372318,320.69,285.06,30/01/2007,31:34.0
CLIPSAL,Clipsal Industries (NZ) Ltd,0,373078,20.34,18.08,2/2/2007,31:34.0
CLIPSAL,Clipsal Industries (NZ) Ltd,1204823AA,373871,97.02,86.24,8/2/2007,31:34.0
CLIPSAL,Clipsal Industries (NZ) Ltd,1208305,374853,1415.25,1258,14/02/2007,31:34.0
CLIPSAL,Clipsal Industries (NZ) Ltd,1211911,375509,23.48,20.87,19/02/2007,31:34.0
CLIPSAL,Clipsal Industries (NZ) Ltd,1215525,376507,20.5,18.22,23/02/2007,31:34.0
CLIPSAL,Clipsal Industries (NZ) Ltd,1218115,377227,1206.9,1072.8,28/02/2007,31:34.0
CLIPSAL,Clipsal Industries (NZ) Ltd,1211559AA,377698,237.62,211.22,2/3/2007,31:34.0
CLIPSAL,Clipsal Industries (NZ) Ltd,1224068,378849,199.63,177.45,9/3/2007,31:34.0
CLIPSAL,Clipsal Industries (NZ) Ltd,1227450,379634,164.3,146.04,14/03/2007,31:34.0
CLIPSAL,Clipsal Industries (NZ) Ltd,1230325,380367,148.86,132.32,19/03/2007,31:34.0
CLIPSAL,Clipsal Industries (NZ) Ltd,1233243,381077,133.93,119.05,22/03/2007,31:34.0
CLIPSAL,Clipsal Industries (NZ) Ltd,1227851AB,381868,18.5,16.44,27/03/2007,31:34.0
CLIPSAL,Clipsal Industries (NZ) Ltd,1239244AA,382575,10144.34,9017.19,2/4/2007,31:34.0
CLIPSAL,Clipsal Industries (NZ) Ltd,0,383396,164.32,146.06,5/4/2007,31:34.0
CLIPSAL,Clipsal Industries (NZ) Ltd,1093132AB,384254,-145.53,-129.36,12/4/2007,31:34.0
CLIPSAL,Clipsal Industries (NZ) Ltd,1248973,385050,1161,1032,17/04/2007,31:34.0
CLIPSAL,Clipsal Industries (NZ) Ltd,1251562,385788,1147.44,1019.95,20/04/2007,31:34.0
CLIPSAL,Clipsal Industries (NZ) Ltd,1254751,386728,6121.09,5440.97,27/04/2007,31:34.0
CLIPSAL,Clipsal Industries (NZ) Ltd,1259275,387672,213.39,189.68,3/5/2007,31:34.0
CLIPSAL,Clipsal Industries (NZ) Ltd,1251242AB,388692,15.84,14.08,9/5/2007,31:34.0
CLIPSAL,Clipsal Industries (NZ) Ltd,1266541,389444,670.3,595.82,14/05/2007,31:34.0
CLIPSAL,Clipsal Industries (NZ) Ltd,1268551AB,390335,61.43,54.6,18/05/2007,31:34.0
CLIPSAL,Clipsal Industries (NZ) Ltd,1272246AC,391136,155.59,138.3,23/05/2007,31:34.0
CLIPSAL,Clipsal Industries (NZ) Ltd,1277931,392168,643.34,571.86,30/05/2007,31:34.0
CLIPSAL,Clipsal Industries (NZ) Ltd,1280661AA,392952,70.81,62.94,5/6/2007,31:34.0
CLIPSAL,Clipsal Industries (NZ) Ltd,1283447,393801,306.48,272.43,8/6/2007,31:34.0
CLIPSAL,Clipsal Industries (NZ) Ltd,1287727,394810,190.53,169.36,15/06/2007,31:34.0
CLIPSAL,Clipsal Industries (NZ) Ltd,1292672,395637,3656.25,3250,21/06/2007,31:34.0
CLIPSAL,Clipsal Industries (NZ) Ltd,1287015AD,396561,416.12,369.88,13/06/2007,31:34.0
CLIPSAL,Clipsal Industries (NZ) Ltd,1299337,397467,1282.79,1140.26,3/7/2007,31:34.0
CLIPSAL,Clipsal Industries (NZ) Ltd,1302694AA,397929,2517.67,2237.93,5/7/2007,31:34.0
CLIPSAL,Clipsal Industries (NZ) Ltd,1306390,398901,4.69,4.17,11/7/2007,31:34.0
CLIPSAL,Clipsal Industries (NZ) Ltd,1304978AA,399541,217.07,192.95,16/07/2007,31:34.0
CLIPSAL,Clipsal Industries (NZ) Ltd,1312945,400345,2.35,2.09,19/07/2007,31:34.0
CLIPSAL,Clipsal Industries (NZ) Ltd,1316458,401182,457.32,406.51,25/07/2007,31:34.0
CLIPSAL,Clipsal Industries (NZ) Ltd,1320307,402078,260.04,231.15,31/07/2007,31:34.0
CLIPSAL,Clipsal Industries (NZ) Ltd,1323202AA,402875,9.68,8.6,3/8/2007,31:34.0
CLIPSAL,Clipsal Industries (NZ) Ltd,1326795,403678,743.81,661.16,8/8/2007,31:34.0
CLIPSAL,Clipsal Industries (NZ) Ltd,1331186,404557,196.65,174.8,14/08/2007,31:34.0
CLIPSAL,Clipsal Industries (NZ) Ltd,1333923AB,405503,666.34,592.3,20/08/2007,31:34.0
CLIPSAL,Clipsal Industries (NZ) Ltd,1337636,406342,1605.25,1426.89,23/08/2007,31:34.0
CLIPSAL,Clipsal Industries (NZ) Ltd,1296619AB,407337,-31.8,-28.27,30/08/2007,31:34.0
SCHNEIDE,Schneider Electric,5569500,9235280874,781.28,679.37,25/09/2019,40:57.2
SCHNEIDE,Schneider Electric,5558386,9235280875,78.49,68.25,25/09/2019,40:57.2
SCHNEIDE,Schneider Electric,5564230,9235280876,17408.27,15137.63,25/09/2019,40:57.2
SCHNEIDE,Schneider Electric,5562029AB,9235280877,144.1,125.3,25/09/2019,40:57.2
SCHNEIDE,Schneider Electric,5565857AA,9235280878,17.76,15.44,25/09/2019,40:57.2
SCHNEIDE,Schneider Electric,5560086AA,9235280879,56.17,48.84,25/09/2019,40:57.2
SCHNEIDE,Schneider Electric,5565901,9235280880,3475.29,3021.99,25/09/2019,40:57.2
SCHNEIDE,Schneider Electric,5567777,9235280881,386.4,336,25/09/2019,40:57.2
SCHNEIDE,Schneider Electric,5551739AB,9235283621,42.12,36.63,30/09/2019,40:57.2
SCHNEIDE,Schneider Electric,5521084AA,9235283622,31.8,27.65,30/09/2019,40:57.2
SCHNEIDE,Schneider Electric,5568770,9235283623,1591.19,1383.64,30/09/2019,40:57.2
SCHNEIDE,Schneider Electric,5567154,9235283624,37.92,32.97,30/09/2019,40:57.2
SCHNEIDE,Schneider Electric,0,9235283625,585.12,508.8,30/09/2019,40:57.2
SCHNEIDE,Schneider Electric,5574602,9235283626,750.72,652.8,30/09/2019,40:57.2
SCHNEIDE,Schneider Electric,5574629,9235283627,1931.66,1679.7,30/09/2019,40:57.2
SCHNEIDE,Schneider Electric,5571520,9235283650,333.8,290.26,30/09/2019,40:57.2
SCHNEIDE,Schneider Electric,5570874AA,9235283651,233.36,202.92,30/09/2019,40:57.2
SCHNEIDE,Schneider Electric,5573280,9235283660,1170.86,1018.14,30/09/2019,40:57.2
SCHNEIDE,Schneider Electric,5574502,9235283661,646.07,561.8,30/09/2019,40:57.2
SCHNEIDE,Schneider Electric,5574411,9235283662,11.01,9.57,30/09/2019,40:57.2
SCHNEIDE,Schneider Electric,5552800AE,9235283697,95.39,82.95,30/09/2019,40:57.2
SCHNEIDE,Schneider Electric,5565124AA,9235283701,46.05,40.04,30/09/2019,40:57.2
SCHNEIDE,Schneider Electric,5573396,9235283702,835.5,726.52,30/09/2019,40:57.2
SCHNEIDE,Schneider Electric,5574184,9235283703,218.21,189.75,30/09/2019,40:57.2
SCHNEIDE,Schneider Electric,5574019,9235283704,2.42,2.1,30/09/2019,40:57.2
SCHNEIDE,Schneider Electric,5574743,9235283705,195.96,170.4,30/09/2019,40:57.2
SCHNEIDE,Schneider Electric,5572589,9235283706,3770.04,3278.29,30/09/2019,40:57.2
SCHNEIDE,Schneider Electric,5574130,9235283707,107.36,93.36,30/09/2019,40:57.2
SCHNEIDE,Schneider Electric,5573846,9235283708,9.71,8.44,30/09/2019,40:57.2
SCHNEIDE,Schneider Electric,5529982AB,9235283709,18.88,16.42,30/09/2019,40:57.2
SCHNEIDE,Schneider Electric,5559927AB,9235283710,57.56,50.05,30/09/2019,40:57.2
SCHNEIDE,Schneider Electric,5570566,9235283711,1704.74,1482.38,30/09/2019,40:57.2
SCHNEIDE,Schneider Electric,5570569,9235283712,3346.16,2909.7,30/09/2019,40:57.2
SCHNEIDE,Schneider Electric,5540043AA,9235283713,3.22,2.8,30/09/2019,40:57.2
SCHNEIDE,Schneider Electric,5524998,9235283714,63.6,55.3,30/09/2019,40:57.2
SCHNEIDE,Schneider Electric,5553968,9235283715,63.6,55.3,30/09/2019,40:57.2
SCHNEIDE,Schneider Electric,5536188AE,9235283716,31.8,27.65,30/09/2019,40:57.2
SCHNEIDE,Schneider Electric,5569245AB,9235283717,221.26,192.4,30/09/2019,40:57.2
SCHNEIDE,Schneider Electric,5572365AA,9235283718,71.53,62.2,30/09/2019,40:57.2
SCHNEIDE,Schneider Electric,5574274,9235283719,307.51,267.4,30/09/2019,40:57.2
SCHNEIDE,Schneider Electric,5558386AD,9235283720,414.74,360.64,30/09/2019,40:57.2
SCHNEIDE,Schneider Electric,5573643,9235283721,965.26,839.36,30/09/2019,40:57.2
SCHNEIDE,Schneider Electric,5570522,9235283722,8021.25,6975,30/09/2019,40:57.2
SCHNEIDE,Schneider Electric,5566075AA,9235283723,143.06,124.4,30/09/2019,40:57.2
SCHNEIDE,Schneider Electric,5570538AC,9235283724,110.63,96.2,30/09/2019,40:57.2
SCHNEIDE,Schneider Electric,5570538,9235283725,241.25,209.78,30/09/2019,40:57.2
SCHNEIDE,Schneider Electric,5574713,9235283726,126.13,109.68,30/09/2019,40:57.2
SCHNEIDE,Schneider Electric,5572456AA,9235283747,40.57,35.28,30/09/2019,40:57.2
SCHNEIDE,Schneider Electric,5559517,9235283748,35.02,30.45,30/09/2019,40:57.2
SCHNEIDE,Schneider Electric,5573231,9235283763,1272.64,1106.64,30/09/2019,40:57.2
SCHNEIDE,Schneider Electric,5545712AF,9235283764,1898.88,1651.2,30/09/2019,40:57.2
SCHNEIDE,Schneider Electric,5573338,9235283775,19.96,17.36,30/09/2019,40:57.2
SCHNEIDE,Schneider Electric,5574838,9235283776,1138.47,989.97,30/09/2019,40:57.2
SCHNEIDE,Schneider Electric,5571788AA,9235283791,9889.52,8599.58,30/09/2019,40:57.2
SCHNEIDE,Schneider Electric,5570860,9235283792,98.39,85.56,30/09/2019,40:57.2
SCHNEIDE,Schneider Electric,5569900AB,9235283793,2056.89,1788.6,30/09/2019,40:57.2
SCHNEIDE,Schneider Electric,5569887,9235283794,8610.74,7487.6,30/09/2019,40:57.2
SCHNEIDE,Schneider Electric,5569686,9235283795,215.14,187.08,30/09/2019,40:57.2
SCHNEIDE,Schneider Electric,5572761,9235283816,1274.59,1108.34,30/09/2019,40:57.2
SCHNEIDE,Schneider Electric,5572659,9235283824,246.96,214.75,30/09/2019,40:57.2
SCHNEIDE,Schneider Electric,5573785,9235283835,132.71,115.4,30/09/2019,40:57.2
SCHNEIDE,Schneider Electric,5556324AH,9235283838,57.56,50.05,30/09/2019,40:57.2
SCHNEIDE,Schneider Electric,5568108AB,9235283844,110.63,96.2,30/09/2019,40:57.2
SCHNEIDE,Schneider Electric,5562985,9235283861,842.49,732.6,30/09/2019,40:57.2
SCHNEIDE,Schneider Electric,5574389,9235283867,72.13,62.72,30/09/2019,40:57.2
SCHNEIDE,Schneider Electric,5545365,9235283887,76.31,66.36,24/09/2019,40:57.2
SECURIMA,Simx Limited,5528914,263820,228.45,198.65,5/9/2019,40:57.2
SECURIMA,Simx Limited,5542640,264295,250.62,217.93,6/9/2019,40:57.2
SECURIMA,Simx Limited,5544864,265086,534.6,464.87,9/9/2019,40:57.2
SECURIMA,Simx Limited,5546233,266074,636.09,553.12,11/9/2019,40:57.2
SECURIMA,Simx Limited,5550021,266456,450.37,391.63,12/9/2019,40:57.2
SECURIMA,Simx Limited,5628249,268199,152.93,132.98,20/09/2019,40:57.2
SECURIMA,Simx Limited,5541729AA,269487,334.88,291.2,26/09/2019,40:57.2
SERENE,Serene Industries Limited,5384739AA,33839,3289,2860,16/09/2019,40:57.2
SERENE,Serene Industries Limited,5527234,33958,341.55,297,16/09/2019,40:57.2
SERENE,Serene Industries Limited,5568354,34144,13156,11440,25/09/2019,40:57.2
SERENE,Serene Industries Limited,5575032,34270,526.7,458,30/09/2019,40:57.2
SIEMENSNZ,Siemens (NZ) Ltd,5463150AB,5510254824,63.66,55.36,24/07/2019,40:57.2
SIEMON,The Siemon Company,SIE0000025,604868,49843.11,49843.11,26/09/2019,40:57.2
SIGNS,Signs Unlimited,5640190,9465,57.5,50,3/9/2019,40:57.2
SMITH,Smiths Elements And Controls,5387842,SI-47584,0,0,11/9/2019,40:57.2
SMITH,Smiths Elements And Controls,5558554,SI-47646,0,0,10/9/2019,40:57.2
SMITH,Smiths Elements And Controls,5236797,SI-47865,0,0,16/09/2019,40:57.2
SMITH,Smiths Elements And Controls,5422805,SI-47870,0,0,16/09/2019,40:57.2
SMITH,Smiths Elements And Controls,5555255,SI-47922,135.33,117.68,16/09/2019,40:57.2
SMITH,Smiths Elements And Controls,5285770,SI-48049,0,0,19/09/2019,40:57.2
SMITH,Smiths Elements And Controls,5220134,SI-48183,0,0,23/09/2019,40:57.2
SMITH,Smiths Elements And Controls,5566367,SI-48317,527.09,458.34,24/09/2019,40:57.2
SCHNEIDE,Schneider Electric,5566677AA,9235283401,71.65,62.3,30/09/2019,40:57.2
SCHNEIDE,Schneider Electric,5566677AC,9235283402,91.97,79.97,30/09/2019,40:57.2
SCHNEIDE,Schneider Electric,5562700AC,9235283403,202.71,176.27,30/09/2019,40:57.2
SCHNEIDE,Schneider Electric,5548590AG,9235283404,13.83,12.03,30/09/2019,40:57.2
SCHNEIDE,Schneider Electric,5574400,9235283405,20.24,17.6,30/09/2019,40:57.2
SCHNEIDE,Schneider Electric,5574851,9235283406,262.89,228.6,30/09/2019,40:57.2
SCHNEIDE,Schneider Electric,5571834,9235283407,1446.84,1258.12,30/09/2019,40:57.2
SCHNEIDE,Schneider Electric,5573922,9235283408,36.73,31.94,30/09/2019,40:57.2
SCHNEIDE,Schneider Electric,5574438,9235283409,1046.9,910.35,30/09/2019,40:57.2
SCHNEIDE,Schneider Electric,5574534,9235283410,114.71,99.75,30/09/2019,40:57.2
SCHNEIDE,Schneider Electric,5574459,9235283411,406.3,353.3,30/09/2019,40:57.2
SCHNEIDE,Schneider Electric,5357527AP,9235283412,17655.95,15353,30/09/2019,40:57.2
SCHNEIDE,Schneider Electric,5562845AC,9235283413,362.94,315.6,30/09/2019,40:57.2
SCHNEIDE,Schneider Electric,5563569AD,9235283414,267.93,232.98,30/09/2019,40:57.2
SCHNEIDE,Schneider Electric,5570604,9235283415,100.14,87.08,30/09/2019,40:57.2
SCHNEIDE,Schneider Electric,5540387AG,9235283416,26.04,22.64,30/09/2019,40:57.2
SCHNEIDE,Schneider Electric,5543855AC,9235283417,26.04,22.64,30/09/2019,40:57.2
SCHNEIDE,Schneider Electric,5573295,9235283418,1717.07,1493.1,30/09/2019,40:57.2
SCHNEIDE,Schneider Electric,5574452,9235283419,6.72,5.84,30/09/2019,40:57.2
SCHNEIDE,Schneider Electric,5557189AF,9235283420,121.72,105.84,30/09/2019,40:57.2
SCHNEIDE,Schneider Electric,5572313AB,9235283421,7.45,6.48,30/09/2019,40:57.2
SCHNEIDE,Schneider Electric,5574061,9235283422,104.33,90.72,30/09/2019,40:57.2
SCHNEIDE,Schneider Electric,5574116,9235283423,98.77,85.89,30/09/2019,40:57.2
SCHNEIDE,Schneider Electric,5535254AB,9235283424,95.39,82.95,30/09/2019,40:57.2
SCHNEIDE,Schneider Electric,5541352AA,9235283425,63.6,55.3,30/09/2019,40:57.2
SCHNEIDE,Schneider Electric,5572270,9235283426,398.48,346.5,30/09/2019,40:57.2
SCHNEIDE,Schneider Electric,5573561,9235283427,132.5,115.22,30/09/2019,40:57.2
SCHNEIDE,Schneider Electric,5573867,9235283428,741.36,644.66,30/09/2019,40:57.2
SCHNEIDE,Schneider Electric,5569825AA,9235283429,110.63,96.2,30/09/2019,40:57.2
SCHNEIDE,Schneider Electric,5543918AG,9235283430,266.62,231.84,30/09/2019,40:57.2
SCHNEIDE,Schneider Electric,5574060,9235283431,266.09,231.38,30/09/2019,40:57.2
SCHNEIDE,Schneider Electric,5541477AA,9235283432,19.44,16.9,30/09/2019,40:57.2
SCHNEIDE,Schneider Electric,5571722,9235283450,47.66,41.44,30/09/2019,40:57.2
SCHNEIDE,Schneider Electric,5531636AB,9235283451,63.6,55.3,30/09/2019,40:57.2
SCHNEIDE,Schneider Electric,5571742AA,9235283452,578.15,502.74,30/09/2019,40:57.2
SCHNEIDE,Schneider Electric,5573759,9235283453,220.57,191.8,30/09/2019,40:57.2
SCHNEIDE,Schneider Electric,5525006AE,9235283454,18.88,16.42,30/09/2019,40:57.2
SCHNEIDE,Schneider Electric,5573187,9235283467,3623.65,3151,30/09/2019,40:57.2
SCHNEIDE,Schneider Electric,5573187,9235283468,376.74,327.6,30/09/2019,40:57.2
SCHNEIDE,Schneider Electric,5573697,9235283469,165.26,143.7,30/09/2019,40:57.2
SCHNEIDE,Schneider Electric,5565511AC,9235283475,37.92,32.97,30/09/2019,40:57.2
SCHNEIDE,Schneider Electric,5571489,9235283484,3287.16,2858.4,30/09/2019,40:57.2
SCHNEIDE,Schneider Electric,5571546,9235283485,6285.8,5465.92,30/09/2019,40:57.2
SCHNEIDE,Schneider Electric,5551017AG,9235283486,101.32,88.1,30/09/2019,40:57.2
SCHNEIDE,Schneider Electric,5572543,9235283487,1418.57,1233.54,30/09/2019,40:57.2
SCHNEIDE,Schneider Electric,5568783,9235283488,160.63,139.68,30/09/2019,40:57.2
SCHNEIDE,Schneider Electric,5551017AH,9235283489,196.42,170.8,30/09/2019,40:57.2
SCHNEIDE,Schneider Electric,5571546AA,9235283490,98.21,85.4,30/09/2019,40:57.2
SCHNEIDE,Schneider Electric,5551017AI,9235283491,19.27,16.76,30/09/2019,40:57.2
SCHNEIDE,Schneider Electric,5573984,9235283497,12.88,11.2,30/09/2019,40:57.2
SCHNEIDE,Schneider Electric,5573880,9235283498,27.07,23.54,30/09/2019,40:57.2
SCHNEIDE,Schneider Electric,5564689AA,9235283499,208.29,181.12,30/09/2019,40:57.2
SCHNEIDE,Schneider Electric,5574339,9235283500,424.01,368.7,30/09/2019,40:57.2
SCHNEIDE,Schneider Electric,5546680AA,9235283594,31.8,27.65,30/09/2019,40:57.2
SCHNEIDE,Schneider Electric,5526331AF,9235283595,835.19,726.25,30/09/2019,40:57.2
SCHNEIDE,Schneider Electric,5547772AA,9235283596,48.02,41.76,30/09/2019,40:57.2
SCHNEIDE,Schneider Electric,5573733,9235283597,1513.23,1315.85,30/09/2019,40:57.2
SCHNEIDE,Schneider Electric,5574120,9235283598,198.72,172.8,30/09/2019,40:57.2
SCHNEIDE,Schneider Electric,5574481,9235283599,179.32,155.93,30/09/2019,40:57.2
SCHNEIDE,Schneider Electric,5551852AA,9235283600,509.15,442.74,30/09/2019,40:57.2
SCHNEIDE,Schneider Electric,5572334,9235283601,20780.02,18069.58,30/09/2019,40:57.2
SCHNEIDE,Schneider Electric,5573953,9235283602,77.83,67.68,30/09/2019,40:57.2
SCHNEIDE,Schneider Electric,5569110AA,9235283603,37.61,32.7,30/09/2019,40:57.2
SCHNEIDE,Schneider Electric,5573596,9235283604,69.59,60.51,30/09/2019,40:57.2
SCHNEIDE,Schneider Electric,5574015,9235283605,361.56,314.4,30/09/2019,40:57.2
SCHNEIDE,Schneider Electric,5570270,9235283607,4404.68,3830.16,30/09/2019,40:57.2
SCHNEIDE,Schneider Electric,5560794AC,9235283608,242.88,211.2,30/09/2019,40:57.2
SCHNEIDE,Schneider Electric,5531031AB,9235283609,63.83,55.5,30/09/2019,40:57.2
SCHNEIDE,Schneider Electric,5559976AA,9235283610,254.58,221.37,30/09/2019,40:57.2
SCHNEIDE,Schneider Electric,5567605,9235283611,104.31,90.7,30/09/2019,40:57.2
SCHNEIDE,Schneider Electric,5565358AD,9235283612,254.38,221.2,30/09/2019,40:57.2
SCHNEIDE,Schneider Electric,5574289,9235283613,331.2,288,30/09/2019,40:57.2
SCHNEIDE,Schneider Electric,5567947,9235283614,29738.3,25859.4,30/09/2019,40:57.2
SCHNEIDE,Schneider Electric,5543714AE,9235283615,127.19,110.6,30/09/2019,40:57.2
SCHNEIDE,Schneider Electric,5534923AA,9235283616,36.98,32.16,30/09/2019,40:57.2
SCHNEIDE,Schneider Electric,5573531,9235283617,126.39,109.9,30/09/2019,40:57.2
SCHNEIDE,Schneider Electric,5554749,9235283618,253.41,220.35,30/09/2019,40:57.2
SCHNEIDE,Schneider Electric,5566705,9235283619,2785.71,2422.36,30/09/2019,40:57.2
SCHNEIDE,Schneider Electric,5566769,9235283620,2494.68,2169.29,30/09/2019,40:57.2
SCHNEIDE,Schneider Electric,5538487,9235283249,92.32,80.28,29/09/2019,40:57.2
SCHNEIDE,Schneider Electric,5570634,9235283250,2969.93,2582.55,29/09/2019,40:57.2
SCHNEIDE,Schneider Electric,5560629,9235283252,183.93,159.94,29/09/2019,40:57.2
SCHNEIDE,Schneider Electric,5560301AE,9235283257,115,100,29/09/2019,40:57.2
SCHNEIDE,Schneider Electric,5573211,9235283258,218.22,189.76,29/09/2019,40:57.2
SCHNEIDE,Schneider Electric,5570730,9235283259,6218.83,5407.68,29/09/2019,40:57.2
SCHNEIDE,Schneider Electric,5572150,9235283260,414.37,360.32,29/09/2019,40:57.2
SCHNEIDE,Schneider Electric,5572456,9235283262,746.64,649.25,29/09/2019,40:57.2
SCHNEIDE,Schneider Electric,5571605,9235283263,1962.82,1706.8,29/09/2019,40:57.2
SCHNEIDE,Schneider Electric,5571274,9235283264,1372.91,1193.84,29/09/2019,40:57.2
SCHNEIDE,Schneider Electric,5570699,9235283276,3035.67,2639.71,29/09/2019,40:57.2
SCHNEIDE,Schneider Electric,5428863,9235283286,114198.62,99303.15,30/09/2019,40:57.2
SCHNEIDE,Schneider Electric,5573737,9235283291,359.03,312.2,30/09/2019,40:57.2
SCHNEIDE,Schneider Electric,5573833,9235283292,68.39,59.47,30/09/2019,40:57.2
SCHNEIDE,Schneider Electric,5573212AA,9235283293,2349.96,2043.44,30/09/2019,40:57.2
SCHNEIDE,Schneider Electric,5560671AB,9235283297,511.75,445,30/09/2019,40:57.2
SCHNEIDE,Schneider Electric,0,9235283298,255.88,222.5,30/09/2019,40:57.2
SCHNEIDE,Schneider Electric,5560671AC,9235283299,511.75,445,30/09/2019,40:57.2
SCHNEIDE,Schneider Electric,5567188,9235283302,5.55,4.83,30/09/2019,40:57.2
SCHNEIDE,Schneider Electric,5571261,9235283303,389.85,339,30/09/2019,40:57.2
SCHNEIDE,Schneider Electric,5571542,9235283306,296.13,257.5,30/09/2019,40:57.2
SCHNEIDE,Schneider Electric,5559365AB,9235283343,90.74,78.9,30/09/2019,40:57.2
SCHNEIDE,Schneider Electric,5571964,9235283344,1006.25,875,30/09/2019,40:57.2
SCHNEIDE,Schneider Electric,5534442AD,9235283345,174.23,151.5,30/09/2019,40:57.2
SCHNEIDE,Schneider Electric,5570229AC,9235283346,254.73,221.5,30/09/2019,40:57.2
SCHNEIDE,Schneider Electric,5570229AA,9235283347,181.13,157.5,30/09/2019,40:57.2
SCHNEIDE,Schneider Electric,5414318AT,9235283348,7909.93,6878.2,30/09/2019,40:57.2
SCHNEIDE,Schneider Electric,5571889,9235283349,19665.61,17100.53,30/09/2019,40:57.2
SCHNEIDE,Schneider Electric,5487097AB,9235283350,61.87,53.8,30/09/2019,40:57.2
SCHNEIDE,Schneider Electric,5571246AA,9235283351,623.52,542.19,30/09/2019,40:57.2
SCHNEIDE,Schneider Electric,5534175,9235283352,132.94,115.6,30/09/2019,40:57.2
SCHNEIDE,Schneider Electric,5571889AB,9235283353,785.68,683.2,30/09/2019,40:57.2
SCHNEIDE,Schneider Electric,5572514AA,9235283354,219.91,191.23,30/09/2019,40:57.2
SCHNEIDE,Schneider Electric,5573815,9235283355,48.21,41.92,30/09/2019,40:57.2
SCHNEIDE,Schneider Electric,5533507AB,9235283356,188.83,164.2,30/09/2019,40:57.2
SCHNEIDE,Schneider Electric,5574333,9235283357,373.98,325.2,30/09/2019,40:57.2
SCHNEIDE,Schneider Electric,5573503,9235283358,111.13,96.64,30/09/2019,40:57.2
SCHNEIDE,Schneider Electric,5553217AA,9235283359,46.64,40.56,30/09/2019,40:57.2
SCHNEIDE,Schneider Electric,5564372AA,9235283360,2.42,2.1,30/09/2019,40:57.2
SCHNEIDE,Schneider Electric,5560874AD,9235283361,91.97,79.97,30/09/2019,40:57.2
SCHNEIDE,Schneider Electric,5572753,9235283362,528.43,459.5,30/09/2019,40:57.2
SCHNEIDE,Schneider Electric,5573354,9235283363,80.13,69.68,30/09/2019,40:57.2
SCHNEIDE,Schneider Electric,5573361,9235283364,80.13,69.68,30/09/2019,40:57.2
SCHNEIDE,Schneider Electric,5574820,9235283365,245.36,213.36,30/09/2019,40:57.2
SCHNEIDE,Schneider Electric,5574833,9235283366,402.89,350.34,30/09/2019,40:57.2
SCHNEIDE,Schneider Electric,5539610AD,9235283367,74.92,65.15,30/09/2019,40:57.2
SCHNEIDE,Schneider Electric,5562703AB,9235283368,31.8,27.65,30/09/2019,40:57.2
SCHNEIDE,Schneider Electric,5573481,9235283369,25.81,22.44,30/09/2019,40:57.2
SCHNEIDE,Schneider Electric,5526665AI,9235283370,79.56,69.18,30/09/2019,40:57.2
SCHNEIDE,Schneider Electric,5569827AA,9235283371,109.8,95.48,30/09/2019,40:57.2
SCHNEIDE,Schneider Electric,5570880,9235283372,132.76,115.44,30/09/2019,40:57.2
SCHNEIDE,Schneider Electric,5540436AE,9235283373,100.57,87.45,30/09/2019,40:57.2
SCHNEIDE,Schneider Electric,5573278,9235283374,231.77,201.54,30/09/2019,40:57.2
SCHNEIDE,Schneider Electric,5418266AD,9235283375,341.14,296.64,30/09/2019,40:57.2
SCHNEIDE,Schneider Electric,5547103AG,9235283376,200.79,174.6,30/09/2019,40:57.2
SCHNEIDE,Schneider Electric,5571715,9235283377,1290.88,1122.5,30/09/2019,40:57.2
SCHNEIDE,Schneider Electric,5568418AA,9235283378,110.75,96.3,30/09/2019,40:57.2
SCHNEIDE,Schneider Electric,5571542,9235283379,13006.8,11310.26,30/09/2019,40:57.2
SCHNEIDE,Schneider Electric,5573694,9235283380,102.57,89.19,30/09/2019,40:57.2
SCHNEIDE,Schneider Electric,5573903,9235283381,53.75,46.74,30/09/2019,40:57.2
SCHNEIDE,Schneider Electric,5574327,9235283382,5.11,4.44,30/09/2019,40:57.2
SCHNEIDE,Schneider Electric,5573584,9235283383,148.75,129.35,30/09/2019,40:57.2
SCHNEIDE,Schneider Electric,5560133AF,9235283384,181.47,157.8,30/09/2019,40:57.2
SCHNEIDE,Schneider Electric,5529964AI,9235283385,63.6,55.3,30/09/2019,40:57.2
SCHNEIDE,Schneider Electric,5560133AG,9235283386,52.77,45.89,30/09/2019,40:57.2
SCHNEIDE,Schneider Electric,5564294AD,9235283387,37.92,32.97,30/09/2019,40:57.2
SCHNEIDE,Schneider Electric,5540525AA,9235283388,10.25,8.91,30/09/2019,40:57.2
SCHNEIDE,Schneider Electric,5573475,9235283389,417.8,363.3,30/09/2019,40:57.2
SCHNEIDE,Schneider Electric,5531007AI,9235283390,121.81,105.92,30/09/2019,40:57.2
SCHNEIDE,Schneider Electric,5562864AE,9235283391,725.88,631.2,30/09/2019,40:57.2
SCHNEIDE,Schneider Electric,5568036AA,9235283392,494.96,430.4,30/09/2019,40:57.2
SCHNEIDE,Schneider Electric,5562715AF,9235283393,199.27,173.28,30/09/2019,40:57.2
SCHNEIDE,Schneider Electric,5573223,9235283394,265.08,230.5,30/09/2019,40:57.2
SCHNEIDE,Schneider Electric,5536718,9235283395,60.9,52.96,30/09/2019,40:57.2
SCHNEIDE,Schneider Electric,5573399,9235283396,144.26,125.44,30/09/2019,40:57.2
SCHNEIDE,Schneider Electric,5561338,9235283397,103.91,90.36,30/09/2019,40:57.2
SCHNEIDE,Schneider Electric,5562715AE,9235283398,97.38,84.68,30/09/2019,40:57.2
SCHNEIDE,Schneider Electric,5493537,9235283399,72.22,62.8,30/09/2019,40:57.2
SCHNEIDE,Schneider Electric,5566677,9235283400,641.01,557.4,30/09/2019,40:57.2
SCHNEIDE,Schneider Electric,5572526AA,9235282986,339.25,295,28/09/2019,40:57.2
SCHNEIDE,Schneider Electric,5573125,9235282987,51.29,44.6,28/09/2019,40:57.2
SCHNEIDE,Schneider Electric,5572955,9235282988,209.07,181.8,28/09/2019,40:57.2
SCHNEIDE,Schneider Electric,5573010,9235282989,169.4,147.3,28/09/2019,40:57.2
SCHNEIDE,Schneider Electric,5567375AB,9235283039,12.97,11.28,28/09/2019,40:57.2
SCHNEIDE,Schneider Electric,5572954,9235283040,89.15,77.52,28/09/2019,40:57.2
SCHNEIDE,Schneider Electric,5572599AA,9235283041,211.66,184.05,28/09/2019,40:57.2
SCHNEIDE,Schneider Electric,5572398,9235283042,96.67,84.06,28/09/2019,40:57.2
SCHNEIDE,Schneider Electric,5573215,9235283043,224.94,195.6,28/09/2019,40:57.2
SCHNEIDE,Schneider Electric,5570720,9235283044,31.37,27.28,28/09/2019,40:57.2
SCHNEIDE,Schneider Electric,5536950AF,9235283045,29.97,26.06,28/09/2019,40:57.2
SCHNEIDE,Schneider Electric,5572676,9235283046,818.75,711.95,28/09/2019,40:57.2
SCHNEIDE,Schneider Electric,5536105AE,9235283047,44.95,39.09,28/09/2019,40:57.2
SCHNEIDE,Schneider Electric,5569817AA,9235283048,181.47,157.8,28/09/2019,40:57.2
SCHNEIDE,Schneider Electric,5573118,9235283049,296.24,257.6,28/09/2019,40:57.2
SCHNEIDE,Schneider Electric,5543180AD,9235283050,799.85,695.52,28/09/2019,40:57.2
SCHNEIDE,Schneider Electric,5570183,9235283051,44.78,38.94,28/09/2019,40:57.2
SCHNEIDE,Schneider Electric,5542858AC,9235283052,149.85,130.3,28/09/2019,40:57.2
SCHNEIDE,Schneider Electric,5572623,9235283053,2600.62,2261.41,28/09/2019,40:57.2
SCHNEIDE,Schneider Electric,5571976,9235283054,112.98,98.24,28/09/2019,40:57.2
SCHNEIDE,Schneider Electric,5572262,9235283055,366.49,318.69,28/09/2019,40:57.2
SCHNEIDE,Schneider Electric,5572225,9235283056,233.34,202.9,28/09/2019,40:57.2
SCHNEIDE,Schneider Electric,5554749AG,9235283057,115.12,100.1,27/09/2019,40:57.2
SCHNEIDE,Schneider Electric,5536206AJ,9235283059,74.92,65.15,28/09/2019,40:57.2
SCHNEIDE,Schneider Electric,5570695,9235283060,1865.19,1621.9,28/09/2019,40:57.2
SCHNEIDE,Schneider Electric,5566858,9235283061,717.54,623.95,28/09/2019,40:57.2
SCHNEIDE,Schneider Electric,5568514,9235283062,849.05,738.3,28/09/2019,40:57.2
SCHNEIDE,Schneider Electric,5570680,9235283063,187.45,163,28/09/2019,40:57.2
SCHNEIDE,Schneider Electric,5570998,9235283064,233.25,202.83,28/09/2019,40:57.2
SCHNEIDE,Schneider Electric,5569900AI,9235283065,227.38,197.72,28/09/2019,40:57.2
SCHNEIDE,Schneider Electric,5500206AB,9235283092,156.68,136.24,28/09/2019,40:57.2
SCHNEIDE,Schneider Electric,5570982,9235283093,140.89,122.51,28/09/2019,40:57.2
SCHNEIDE,Schneider Electric,5573096,9235283095,156.49,136.08,28/09/2019,40:57.2
SCHNEIDE,Schneider Electric,5465728AE,9235283096,266.93,232.11,28/09/2019,40:57.2
SCHNEIDE,Schneider Electric,5572924,9235283097,50.09,43.56,28/09/2019,40:57.2
SCHNEIDE,Schneider Electric,5563870AC,9235283098,118.01,102.62,28/09/2019,40:57.2
SCHNEIDE,Schneider Electric,5572218,9235283099,3615.61,3144.01,28/09/2019,40:57.2
SCHNEIDE,Schneider Electric,5572221,9235283100,2141.3,1862,28/09/2019,40:57.2
SCHNEIDE,Schneider Electric,5558845AD,9235283101,90.74,78.9,28/09/2019,40:57.2
SCHNEIDE,Schneider Electric,5572897,9235283102,3397.73,2954.55,28/09/2019,40:57.2
SCHNEIDE,Schneider Electric,5571073,9235283103,161.4,140.35,28/09/2019,40:57.2
SCHNEIDE,Schneider Electric,5570518,9235283104,32,27.83,28/09/2019,40:57.2
SCHNEIDE,Schneider Electric,5570538AA,9235283105,2908.96,2529.53,28/09/2019,40:57.2
SCHNEIDE,Schneider Electric,5572174,9235283106,496.02,431.32,28/09/2019,40:57.2
SCHNEIDE,Schneider Electric,5553248,9235283108,143.18,124.5,28/09/2019,40:57.2
SCHNEIDE,Schneider Electric,5572933,9235283113,5147.12,4475.76,28/09/2019,40:57.2
SCHNEIDE,Schneider Electric,5573077,9235283114,500.7,435.39,28/09/2019,40:57.2
SCHNEIDE,Schneider Electric,5563501AA,9235283124,181.47,157.8,28/09/2019,40:57.2
SCHNEIDE,Schneider Electric,5572116,9235283125,203.55,177,28/09/2019,40:57.2
SCHNEIDE,Schneider Electric,5571167,9235283145,255.92,222.54,28/09/2019,40:57.2
SCHNEIDE,Schneider Electric,5572985,9235283154,108.33,94.2,28/09/2019,40:57.2
SCHNEIDE,Schneider Electric,5573212,9235283155,4702.01,4088.7,28/09/2019,40:57.2
SCHNEIDE,Schneider Electric,5564206AA,9235283168,392.84,341.6,28/09/2019,40:57.2
SCHNEIDE,Schneider Electric,5573222,9235283169,2485.5,2161.3,28/09/2019,40:57.2
SCHNEIDE,Schneider Electric,5573023,9235283170,1234.65,1073.61,28/09/2019,40:57.2
SCHNEIDE,Schneider Electric,5572581,9235283171,99.77,86.76,28/09/2019,40:57.2
SCHNEIDE,Schneider Electric,5571715,9235283172,11800.12,10260.97,28/09/2019,40:57.2
SCHNEIDE,Schneider Electric,5564294,9235283173,549.13,477.5,28/09/2019,40:57.2
SCHNEIDE,Schneider Electric,5572573,9235283174,1423.39,1237.73,28/09/2019,40:57.2
SCHNEIDE,Schneider Electric,5559933AD,9235283175,181.47,157.8,28/09/2019,40:57.2
SCHNEIDE,Schneider Electric,5568329AA,9235283177,230,200,28/09/2019,40:57.2
SCHNEIDE,Schneider Electric,5567627AB,9235283178,14.98,13.03,28/09/2019,40:57.2
SCHNEIDE,Schneider Electric,5571289,9235283184,145.48,126.5,28/09/2019,40:57.2
SCHNEIDE,Schneider Electric,5558511AF,9235283216,5085.3,4422,29/09/2019,40:57.2
SCHNEIDE,Schneider Electric,5570740AA,9235283217,392.15,341,29/09/2019,40:57.2
SCHNEIDE,Schneider Electric,5573223AA,9235283218,2721.29,2366.34,29/09/2019,40:57.2
SCHNEIDE,Schneider Electric,5557791AC,9235283219,56.17,48.84,29/09/2019,40:57.2
SCHNEIDE,Schneider Electric,5559374AC,9235283220,92.23,80.2,29/09/2019,40:57.2
SCHNEIDE,Schneider Electric,5544802AA,9235283221,705.18,613.2,29/09/2019,40:57.2
SCHNEIDE,Schneider Electric,5567146,9235283222,755.07,656.58,29/09/2019,40:57.2
SCHNEIDE,Schneider Electric,5561560,9235283223,154.08,133.98,29/09/2019,40:57.2
SCHNEIDE,Schneider Electric,5569245AA,9235283224,772.32,671.58,29/09/2019,40:57.2
SCHNEIDE,Schneider Electric,5565024AA,9235283225,34.96,30.4,29/09/2019,40:57.2
SCHNEIDE,Schneider Electric,5566258AA,9235283226,192.37,167.28,29/09/2019,40:57.2
SCHNEIDE,Schneider Electric,5570483,9235283227,640.15,556.65,29/09/2019,40:57.2
SCHNEIDE,Schneider Electric,5567648AA,9235283228,107.72,93.67,29/09/2019,40:57.2
SCHNEIDE,Schneider Electric,5557090AC,9235283229,56.17,48.84,29/09/2019,40:57.2
SCHNEIDE,Schneider Electric,5537878,9235283230,62.84,54.64,29/09/2019,40:57.2
ACCENTT,Accent Tools Ltd,5563630,69725701,1493.85,1299,23/09/2019,40:57.2
ACCENTT,Accent Tools Ltd,5563728,69725801,276,240,23/09/2019,40:57.2
ACCENTT,Accent Tools Ltd,5564138,69729501,205.85,179,23/09/2019,40:57.2
ACCENTT,Accent Tools Ltd,5564639,69734101,61.64,53.6,23/09/2019,40:57.2
ACCENTT,Accent Tools Ltd,5564898,69737401,883.2,768,23/09/2019,40:57.2
ACCENTT,Accent Tools Ltd,5565085,69739401,757.85,659,23/09/2019,40:57.2
ACCENTT,Accent Tools Ltd,5556475AA,69740701,-389.85,-339,23/09/2019,40:57.2
ACCENTT,Accent Tools Ltd,5565815,69748801,66.24,57.6,23/09/2019,40:57.2
ACCENTT,Accent Tools Ltd,5567340,69762301,304.75,265,24/09/2019,40:57.2
ACCENTT,Accent Tools Ltd,0,69767801,424.35,369,24/09/2019,40:57.2
ACCENTT,Accent Tools Ltd,5568189,69773301,711.85,619,25/09/2019,40:57.2
ACCENTT,Accent Tools Ltd,5568897,69781201,43.7,38,25/09/2019,40:57.2
ACCENTT,Accent Tools Ltd,0,69781901,-424.35,-369,25/09/2019,40:57.2
ACCENTT,Accent Tools Ltd,5570022,69793801,86.94,75.6,26/09/2019,40:57.2
ACCENTT,Accent Tools Ltd,5570580,69800601,35.42,30.8,26/09/2019,40:57.2
ACCENTT,Accent Tools Ltd,5570729,69801701,2987.7,2598,26/09/2019,40:57.2
ACCENTT,Accent Tools Ltd,5571059,69806301,87.17,75.8,26/09/2019,40:57.2
ACCENTT,Accent Tools Ltd,5323317AA,69807301,-390.02,-339.15,26/09/2019,40:57.2
ACCENTT,Accent Tools Ltd,5571278,69809601,309.35,269,26/09/2019,40:57.2
ACCENTT,Accent Tools Ltd,5571349,69810001,286.35,249,26/09/2019,40:57.2
ACCENTT,Accent Tools Ltd,5549782AA,69811601,-1493.85,-1299,26/09/2019,40:57.2
ACCENTT,Accent Tools Ltd,5573469,69836401,723.35,629,30/09/2019,40:57.2
ACCENTT,Accent Tools Ltd,5542395AA,69849401,-332.35,-289,30/09/2019,40:57.2
ACCENTT,Accent Tools Ltd,0,Aug-19,-2050.59,-1783.12,26/09/2019,40:57.2
ACCENTT,Accent Tools Ltd,0,AUG2019.,-2460.7,-2139.74,26/09/2019,40:57.2
ACCENTT,Accent Tools Ltd,0,Sep-19,-1942.87,-1689.45,30/09/2019,40:57.2
ACCENTT,Accent Tools Ltd,0,SEPT_2019,-2331.44,-2027.34,30/09/2019,40:57.2
ACCENTT,Accent Tools Ltd,5528060AA,693769-D02,332.35,289,10/9/2019,40:57.2
ACCENTT,Accent Tools Ltd,5558950,696791-D01,723.35,629,18/09/2019,40:57.2
SCHNEIDE,Schneider Electric,5572036,9235282894,577.27,501.97,28/09/2019,40:57.2
SCHNEIDE,Schneider Electric,5572514,9235282895,2296.65,1997.09,28/09/2019,40:57.2
